0,1,2,3,4,5,6,7,8,9,10,11,12,13,14,15,16,17,18,19,20,21,22,23,24,25,26,27,28,29,30,31,32,33,34,35,36,37,38,39,40,41,42,43,44,45,46,47,48,49,50,51,52,53,54,55,56,57,58,59,60,61,62,63,64,65,66,67,68
1,2,3,4,5,4,3,2,1,-1,0,-1,0,6,0,6,0,-1,7,0,7,0,7,0,7,0,7,-1,0,-1,0,-1,14,0,14,0,14,0,14,0,14,-1,0,13,0,13,0,-1,0,-1,8,9,10,11,12,11,10,9,8,0,0,1,2,1,9,-314.0,27.86,0.0,0.0
1,2,3,4,5,4,3,2,1,-1,0,-1,0,6,0,6,0,-1,7,0,7,0,7,0,7,0,7,-1,0,-1,0,-1,14,0,14,0,14,0,14,0,14,-1,0,13,0,13,0,-1,0,-1,8,9,10,11,12,11,10,9,8,0,0,7,2,7,9,-314.0,27.86,0.0,0.0
1,0,3,0,5,4,3,0,1,-1,0,4,0,-1,0,2,0,6,6,2,0,-1,0,7,0,-1,7,0,7,0,7,0,7,-1,0,-1,14,0,14,0,14,0,14,0,14,-1,0,13,0,13,0,-1,0,-1,8,9,10,11,12,11,10,9,8,0,0,1.0,2.0,1.0,6.0
1,2,3,4,5,4,3,2,1,-1,0,-1,0,6,6,0,-1,7,0,7,0,7,-1,0,7,0,7,0,-1,0,-1,14,0,14,0,14,0,14,0,14,-1,0,13,0,13,0,-1,0,-1,8,9,10,11,12,11,10,9,8,0,0,7,2,6,2,-616,13.39,0.0,0.0,0.0
1,0,3,4,5,0,3,0,1,-1,0,4,0,-1,0,2,0,6,6,2,0,-1,7,0,7,0,7,0,7,-1,0,7,0,-1,0,-1,14,0,14,0,14,0,14,0,14,-1,0,13,0,13,0,-1,0,-1,8,9,10,11,12,11,10,9,8,0,0,6.0,3.0,6.0,4.0
1,2,3,4,5,4,3,2,1,-1,0,-1,0,6,0,6,0,-1,7,0,7,0,7,0,7,0,7,-1,0,-1,0,-1,14,0,14,0,14,0,14,0,14,-1,0,13,0,13,0,-1,0,-1,8,9,10,11,12,11,10,9,8,0,0,7,2,7,1,-118.0,41.15,0.0,0.0
1,0,3,0,5,4,3,0,1,-1,0,4,0,-1,0,2,0,6,6,2,0,-1,0,7,0,-1,7,0,7,0,7,0,7,-1,0,-1,14,0,14,0,14,0,14,0,14,-1,0,13,0,13,0,-1,0,-1,8,9,10,11,12,11,10,9,8,0,0,1.0,2.0,6.0,2.0
1,2,3,4,5,4,3,2,1,-1,0,-1,0,6,0,6,0,-1,7,0,7,0,7,0,7,0,7,-1,0,-1,0,-1,14,0,14,0,14,0,14,0,14,-1,0,13,0,13,0,-1,0,-1,8,9,10,11,12,11,10,9,8,0,0,7,2,3,2,1.0,50.08,0.0,0.0
1,0,3,4,5,4,3,2,1,-1,0,-1,0,2,0,6,6,0,-1,7,0,7,0,7,0,7,-1,0,7,0,-1,0,-1,14,0,14,0,14,0,14,0,14,-1,0,13,0,13,0,-1,0,-1,8,9,10,11,12,11,10,9,8,0,0,1,2,1,4.0,-683.0,11.21,0.0
1,0,3,0,5,4,3,0,1,-1,0,4,0,-1,0,2,0,6,6,2,0,-1,7,0,7,0,7,0,7,0,7,-1,0,-1,0,-1,14,0,14,0,14,0,14,0,14,-1,0,13,0,13,0,-1,0,-1,8,9,10,11,12,11,10,9,8,0,0,7.0,2.0,7.0,4.0
1,2,3,4,5,4,3,2,1,-1,0,-1,0,6,6,0,-1,7,0,7,0,7,-1,0,7,0,7,0,-1,0,-1,14,0,14,0,14,0,14,0,14,-1,0,13,0,13,0,-1,0,-1,8,9,10,11,12,11,10,9,8,0,0,4,0,4,1,-712,10.36,0.0,0.0,0.0
1,0,3,0,5,4,3,0,-1,0,4,0,1,-1,0,2,0,6,6,2,0,-1,7,0,7,0,7,0,7,-1,0,7,0,-1,0,-1,14,0,14,0,14,0,14,0,14,-1,0,13,0,13,0,-1,0,-1,8,9,10,11,12,11,10,9,8,0,0,7.0,0.0,8.0,2.0
1,2,3,4,5,4,3,2,1,-1,0,-1,0,6,0,6,0,-1,7,0,7,0,7,0,7,0,7,-1,0,-1,0,-1,14,0,14,0,14,0,14,0,14,-1,0,13,0,13,0,-1,0,-1,8,9,10,11,12,11,10,9,8,0,0,7,2,7,6,-77.0,44.19,0.0,0.0
1,0,3,0,5,4,3,0,1,-1,0,4,0,-1,0,2,0,6,6,2,0,-1,7,0,7,0,7,0,7,-1,0,7,0,-1,0,-1,14,0,14,0,14,0,14,0,14,-1,0,13,0,13,0,-1,0,-1,8,9,10,11,12,11,10,9,8,0,0,1.0,2.0,0.0,2.0
0,5,4,0,-1,1,0,4,0,1,-1,3,0,2,0,6,6,2,0,3,-1,0,7,0,-1,7,0,7,0,7,0,7,-1,0,-1,14,0,14,0,14,0,14,0,14,-1,0,13,0,13,0,-1,0,-1,8,9,10,11,12,11,10,9,8,0,0,1,2.0,1.0,7.0,0.0
0,3,0,5,4,0,-1,0,4,0,1,-1,1,0,2,0,6,6,2,0,3,-1,0,7,0,-1,7,0,7,0,7,0,7,-1,0,-1,14,0,14,0,14,0,14,0,14,-1,0,13,0,13,0,-1,0,-1,8,9,10,11,12,11,10,9,8,0,0,7.0,2.0,3.0,2.0
1,2,3,4,5,4,3,2,1,-1,0,-1,0,6,6,0,-1,7,0,7,0,7,-1,0,7,0,7,0,-1,0,-1,14,0,14,0,14,0,14,0,14,-1,0,13,0,13,0,-1,0,-1,8,9,10,11,12,11,10,9,8,0,0,7,2,7,1,-707,10.5,0.0,0.0,0.0
1,0,3,4,5,4,3,0,1,-1,0,-1,0,2,0,6,6,2,0,-1,7,0,7,0,7,0,7,0,7,-1,0,-1,0,-1,14,0,14,0,14,0,14,0,14,-1,0,13,0,13,0,-1,0,-1,8,9,10,11,12,11,10,9,8,0,0,0,0,0.0,2.0,-789.0,8.39
0,3,0,5,4,3,0,1,-1,1,0,4,0,-1,0,2,0,6,6,2,0,-1,7,0,7,0,7,0,7,-1,0,7,0,-1,0,-1,14,0,14,0,14,0,14,0,14,-1,0,13,0,13,0,-1,0,-1,8,9,10,11,12,11,10,9,8,0,0,7.0,2.0,6.0,2.0
0,5,4,0,-1,1,0,4,0,1,-1,3,0,2,0,6,6,2,0,3,-1,0,7,0,-1,7,0,7,0,7,0,7,-1,0,-1,14,0,14,0,14,0,14,0,14,-1,0,13,0,13,0,-1,0,-1,8,9,10,11,12,11,10,9,8,0,0,8,0.0,8.0,1.0,0.0
1,0,3,4,5,0,3,0,1,-1,0,4,0,-1,0,2,0,6,6,2,0,-1,7,0,7,0,7,-1,0,7,0,7,0,-1,0,-1,14,0,14,0,14,0,14,0,14,-1,0,13,0,13,0,-1,0,-1,8,9,10,11,12,11,10,9,8,0,0,1.0,2.0,4.0,2.0
1,0,3,4,5,4,3,0,-1,0,1,-1,0,2,0,6,6,2,0,-1,7,0,7,0,7,-1,0,7,0,7,0,-1,0,-1,14,0,14,0,14,0,14,0,14,-1,0,13,0,13,0,-1,0,-1,8,9,10,11,12,11,10,9,8,0,0,8,0,8.0,1.0,0.0,50.0
1,2,3,4,5,4,3,2,1,-1,0,-1,0,6,6,0,-1,7,0,7,0,7,0,7,0,7,-1,0,-1,0,-1,14,0,14,0,14,0,14,0,14,-1,0,13,0,13,0,-1,0,-1,8,9,10,11,12,11,10,9,8,0,0,7,2,4,2,-201,35.23,0.0,0.0,0.0
1,0,3,4,5,4,3,0,1,-1,0,-1,0,2,0,6,6,2,0,-1,7,0,7,0,7,0,7,0,7,-1,0,-1,0,-1,14,0,14,0,14,0,14,0,14,-1,0,13,0,13,0,-1,0,-1,8,9,10,11,12,11,10,9,8,0,0,7,2,7.0,6.0,-935.0,5.55
1,0,3,4,5,4,3,0,1,-1,0,-1,0,2,0,6,6,2,0,-1,7,0,7,0,7,0,7,0,7,-1,0,-1,0,-1,14,0,14,0,14,0,14,0,14,-1,0,13,0,13,0,-1,0,-1,8,9,10,11,12,11,10,9,8,0,0,1,2,1.0,7.0,-828.0,7.52
1,0,5,4,0,1,-1,0,4,0,-1,3,0,2,0,6,6,2,0,3,-1,0,7,0,-1,7,0,7,0,7,0,7,-1,0,-1,14,0,14,0,14,0,14,0,14,-1,0,13,0,13,0,-1,0,-1,8,9,10,11,12,11,10,9,8,0,0,1,2.0,1.0,5.0,0.0
1,2,3,4,5,4,3,2,1,-1,0,-1,0,6,0,6,0,-1,7,0,7,0,7,0,7,0,7,-1,0,-1,0,-1,14,0,14,0,14,0,14,0,14,-1,0,13,0,13,0,-1,0,-1,8,9,10,11,12,11,10,9,8,0,0,7,2,2,2,-1.0,49.92,0.0,0.0
1,2,3,4,5,4,3,2,1,-1,0,-1,0,6,0,6,0,-1,7,0,7,0,7,0,7,0,7,-1,0,-1,0,-1,14,0,14,0,14,0,14,0,14,-1,0,13,0,13,0,-1,0,-1,8,9,10,11,12,11,10,9,8,0,0,7,0,8,2,0.0,50.0,0.0,0.0
1,2,3,4,5,4,3,0,1,-1,0,-1,0,6,6,2,0,-1,7,0,7,0,7,0,7,0,7,-1,0,-1,0,-1,14,0,14,0,14,0,14,0,14,-1,0,13,0,13,0,-1,0,-1,8,9,10,11,12,11,10,9,8,0,0,2,3,2,4,-684.0,11.18,0.0,0.0
1,2,3,4,5,4,3,2,1,-1,0,-1,0,6,6,0,-1,7,0,7,0,7,0,7,0,7,-1,0,-1,0,-1,14,0,14,0,14,0,14,0,14,-1,0,13,0,13,0,-1,0,-1,8,9,10,11,12,11,10,9,8,0,0,1,2,1,7,-770,8.84,0.0,0.0,0.0
1,0,3,0,5,4,3,2,1,-1,0,4,0,-1,0,2,0,6,6,0,-1,7,0,7,0,7,0,7,-1,0,7,0,-1,0,-1,14,0,14,0,14,0,14,0,14,-1,0,13,0,13,0,-1,0,-1,8,9,10,11,12,11,10,9,8,0,0,6,3.0,6.0,4.0,-579.0
0,3,0,5,4,3,0,-1,1,0,4,0,1,-1,0,2,0,6,6,2,0,-1,0,7,0,7,-1,7,0,7,0,7,0,-1,0,-1,14,0,14,0,14,0,14,0,14,-1,0,13,0,13,0,-1,0,-1,8,9,10,11,12,11,10,9,8,0,0,7.0,2.0,5.0,2.0
0,3,0,5,4,0,-1,0,4,0,1,-1,1,0,2,0,6,6,2,0,3,-1,0,7,0,-1,7,0,7,0,7,0,7,-1,0,-1,14,0,14,0,14,0,14,0,14,-1,0,13,0,13,0,-1,0,-1,8,9,10,11,12,11,10,9,8,0,0,6.0,0.0,8.0,2.0
1,0,3,4,5,4,3,2,1,-1,0,-1,0,2,0,6,6,0,-1,7,0,7,0,7,0,7,-1,0,7,0,-1,0,-1,14,0,14,0,14,0,14,0,14,-1,0,13,0,13,0,-1,0,-1,8,9,10,11,12,11,10,9,8,0,0,7,2,4,2.0,-474.0,19.21,0.0
1,0,3,0,5,4,3,2,1,-1,0,4,0,-1,0,2,0,6,6,0,-1,7,0,7,0,7,0,7,-1,0,7,0,-1,0,-1,14,0,14,0,14,0,14,0,14,-1,0,13,0,13,0,-1,0,-1,8,9,10,11,12,11,10,9,8,0,0,2,3.0,2.0,4.0,-640.0
1,2,3,4,5,4,3,2,1,-1,0,-1,0,6,6,0,-1,7,0,7,0,7,0,7,-1,0,7,0,-1,0,-1,14,0,14,0,14,0,14,0,14,-1,0,13,0,13,0,-1,0,-1,8,9,10,11,12,11,10,9,8,0,0,2,0,0,2,-686,11.12,0.0,0.0,0.0
1,0,3,0,5,4,3,0,1,-1,0,4,0,-1,0,2,0,6,6,2,0,-1,7,0,7,0,7,-1,0,7,0,7,0,-1,0,-1,14,0,14,0,14,0,14,0,14,-1,0,13,0,13,0,-1,0,-1,8,9,10,11,12,11,10,9,8,0,0,6.0,0.0,4.0,2.0
1,2,3,4,5,4,3,2,1,-1,0,-1,0,6,6,0,-1,7,0,7,0,7,0,7,0,7,-1,0,-1,0,-1,14,0,14,0,14,0,14,0,14,-1,0,13,0,13,0,-1,0,-1,8,9,10,11,12,11,10,9,8,0,0,1,2,1,1,-662,11.86,0.0,0.0,0.0
0,3,4,5,0,3,0,-1,0,4,0,1,-1,1,0,2,0,6,6,2,0,-1,0,7,0,7,0,-1,7,0,7,0,7,-1,0,-1,14,0,14,0,14,0,14,0,14,-1,0,13,0,13,0,-1,0,-1,8,9,10,11,12,11,10,9,8,0,0,8.0,3.0,8.0,4.0
1,2,3,4,5,4,3,2,1,-1,0,-1,0,6,0,6,0,-1,7,0,7,0,7,0,7,0,7,-1,0,-1,0,-1,14,0,14,0,14,0,14,0,14,-1,0,13,0,13,0,-1,0,-1,8,9,10,11,12,11,10,9,8,0,0,6,0,8,2,-106.0,42.04,0.0,0.0
1,2,3,4,5,4,3,2,1,-1,0,-1,0,6,0,6,0,-1,7,0,7,0,7,0,7,0,7,-1,0,-1,0,-1,14,0,14,0,14,0,14,0,14,-1,0,13,0,13,0,-1,0,-1,8,9,10,11,12,11,10,9,8,0,0,7,2,7,4,-115.0,41.37,0.0,0.0
1,0,3,4,5,0,3,0,1,-1,0,4,0,-1,0,2,0,6,6,2,0,-1,7,0,7,0,7,0,7,-1,0,7,0,-1,0,-1,14,0,14,0,14,0,14,0,14,-1,0,13,0,13,0,-1,0,-1,8,9,10,11,12,11,10,9,8,0,0,7.0,2.0,7.0,3.0
1,2,3,4,5,4,3,2,1,-1,0,-1,0,6,0,6,0,-1,7,0,7,0,7,0,7,0,7,-1,0,-1,0,-1,14,0,14,0,14,0,14,0,14,-1,0,13,0,13,0,-1,0,-1,8,9,10,11,12,11,10,9,8,0,0,1,2,0,2,1.0,50.08,0.0,0.0
1,2,3,4,5,4,3,2,1,-1,0,-1,0,6,6,0,-1,7,0,7,0,7,0,7,-1,0,7,0,-1,0,-1,14,0,14,0,14,0,14,0,14,-1,0,13,0,13,0,-1,0,-1,8,9,10,11,12,11,10,9,8,0,0,1,2,1,5,-628,12.98,0.0,0.0,0.0
1,2,3,4,5,4,3,2,1,-1,0,-1,0,6,0,6,0,-1,7,0,7,0,7,0,7,0,7,-1,0,-1,0,-1,14,0,14,0,14,0,14,0,14,-1,0,13,0,13,0,-1,0,-1,8,9,10,11,12,11,10,9,8,0,0,1,2,6,2,-1.0,49.92,0.0,0.0
1,2,3,4,5,0,3,2,1,-1,0,4,0,-1,0,6,6,0,-1,7,0,7,0,7,-1,0,7,0,7,0,-1,0,-1,14,0,14,0,14,0,14,0,14,-1,0,13,0,13,0,-1,0,-1,8,9,10,11,12,11,10,9,8,0,0,6,3,6,4.0,-591.0,14.3,0.0
1,0,3,0,5,4,3,0,-1,0,4,0,1,-1,0,2,0,6,6,2,0,-1,0,7,0,-1,7,0,7,0,7,0,7,-1,0,-1,14,0,14,0,14,0,14,0,14,-1,0,13,0,13,0,-1,0,-1,8,9,10,11,12,11,10,9,8,0,0,7.0,2.0,7.0,4.0
1,2,3,0,5,4,3,0,1,-1,0,4,0,-1,0,6,6,2,0,-1,7,0,7,0,7,-1,0,7,0,7,0,-1,0,-1,14,0,14,0,14,0,14,0,14,-1,0,13,0,13,0,-1,0,-1,8,9,10,11,12,11,10,9,8,0,0,3,0,4.0,1.0,0.0,50.0
1,0,3,4,5,0,3,0,1,-1,0,4,0,-1,0,2,0,6,6,2,0,-1,7,0,7,0,7,0,7,-1,0,7,0,-1,0,-1,14,0,14,0,14,0,14,0,14,-1,0,13,0,13,0,-1,0,-1,8,9,10,11,12,11,10,9,8,0,0,7.0,2.0,4.0,2.0
0,3,0,5,4,0,-1,0,4,0,1,-1,1,0,2,0,6,6,2,0,3,-1,0,7,0,-1,7,0,7,0,7,0,7,-1,0,-1,14,0,14,0,14,0,14,0,14,-1,0,13,0,13,0,-1,0,-1,8,9,10,11,12,11,10,9,8,0,0,1.0,2.0,5.0,2.0
1,0,3,4,5,0,1,-1,0,4,0,-1,0,2,0,6,6,2,0,3,-1,7,0,7,0,7,-1,0,7,0,7,0,-1,0,-1,14,0,14,0,14,0,14,0,14,-1,0,13,0,13,0,-1,0,-1,8,9,10,11,12,11,10,9,8,0,0,7,2.0,7.0,1.0,0.0
1,0,3,0,5,4,3,0,1,-1,0,4,0,-1,0,2,0,6,6,2,0,-1,7,0,7,0,7,0,7,0,7,-1,0,-1,0,-1,14,0,14,0,14,0,14,0,14,-1,0,13,0,13,0,-1,0,-1,8,9,10,11,12,11,10,9,8,0,0,1.0,0.0,2.0,2.0
1,0,3,4,5,4,3,0,1,-1,0,-1,0,2,0,6,6,2,0,-1,7,0,7,0,7,-1,0,7,0,7,0,-1,0,-1,14,0,14,0,14,0,14,0,14,-1,0,13,0,13,0,-1,0,-1,8,9,10,11,12,11,10,9,8,0,0,5,0,4.0,1.0,-623.0,13.15
1,2,3,4,5,4,3,0,1,-1,0,-1,0,6,6,2,0,-1,7,0,7,0,7,0,7,0,7,-1,0,-1,0,-1,14,0,14,0,14,0,14,0,14,-1,0,13,0,13,0,-1,0,-1,8,9,10,11,12,11,10,9,8,0,0,7,2,7,5,-816.0,7.78,0.0,0.0
0,3,4,5,0,3,0,-1,0,4,0,1,-1,1,0,2,0,6,6,2,0,-1,0,7,0,7,0,7,-1,7,0,7,0,-1,0,-1,14,0,14,0,14,0,14,0,14,-1,0,13,0,13,0,-1,0,-1,8,9,10,11,12,11,10,9,8,0,0,0.0,0.0,0.0,1.0
0,3,0,5,4,3,0,-1,0,4,0,1,-1,1,0,2,0,6,6,2,0,-1,0,7,0,-1,7,0,7,0,7,0,7,-1,0,-1,14,0,14,0,14,0,14,0,14,-1,0,13,0,13,0,-1,0,-1,8,9,10,11,12,11,10,9,8,0,0,1.0,2.0,5.0,2.0
1,2,3,4,5,0,3,2,1,-1,0,4,0,-1,0,6,6,0,-1,7,0,7,0,7,-1,0,7,0,7,0,-1,0,-1,14,0,14,0,14,0,14,0,14,-1,0,13,0,13,0,-1,0,-1,8,9,10,11,12,11,10,9,8,0,0,1,2,4,2.0,0.0,50.0,0.0
1,2,3,4,5,4,3,0,1,-1,0,-1,0,6,6,2,0,-1,7,0,7,0,7,0,7,0,7,-1,0,-1,0,-1,14,0,14,0,14,0,14,0,14,-1,0,13,0,13,0,-1,0,-1,8,9,10,11,12,11,10,9,8,0,0,4,0,4,1,-917.0,5.85,0.0,0.0
0,3,0,5,4,0,-1,0,4,0,1,-1,1,0,2,0,6,6,2,0,3,-1,0,7,0,-1,7,0,7,0,7,0,7,-1,0,-1,14,0,14,0,14,0,14,0,14,-1,0,13,0,13,0,-1,0,-1,8,9,10,11,12,11,10,9,8,0,0,7.0,2.0,7.0,6.0
1,0,3,0,5,4,3,2,1,-1,0,4,0,-1,0,2,0,6,6,0,-1,7,0,7,0,7,-1,0,7,0,7,0,-1,0,-1,14,0,14,0,14,0,14,0,14,-1,0,13,0,13,0,-1,0,-1,8,9,10,11,12,11,10,9,8,0,0,2,0.0,4.0,2.0,-494.0
1,0,3,0,5,4,3,0,1,-1,0,4,0,-1,0,2,0,6,6,2,0,-1,0,7,0,-1,7,0,7,0,7,0,7,-1,0,-1,14,0,14,0,14,0,14,0,14,-1,0,13,0,13,0,-1,0,-1,8,9,10,11,12,11,10,9,8,0,0,1.0,2.0,1.0,3.0
1,0,3,4,5,0,3,2,1,-1,0,4,0,-1,0,2,0,6,6,0,-1,7,0,7,0,7,0,7,-1,0,7,0,-1,0,-1,14,0,14,0,14,0,14,0,14,-1,0,13,0,13,0,-1,0,-1,8,9,10,11,12,11,10,9,8,0,0,3,0.0,4.0,1.0,0.0
1,0,3,0,5,4,3,0,1,-1,0,4,0,-1,0,2,0,6,6,2,0,-1,7,0,7,0,7,0,7,-1,0,7,0,-1,0,-1,14,0,14,0,14,0,14,0,14,-1,0,13,0,13,0,-1,0,-1,8,9,10,11,12,11,10,9,8,0,0,7.0,2.0,4.0,2.0
1,0,3,0,5,4,3,0,1,-1,0,4,0,-1,0,2,0,6,6,2,0,-1,0,7,0,-1,7,0,7,0,7,0,7,-1,0,-1,14,0,14,0,14,0,14,0,14,-1,0,13,0,13,0,-1,0,-1,8,9,10,11,12,11,10,9,8,0,0,7.0,2.0,7.0,4.0
0,3,0,5,4,0,-1,0,4,0,1,-1,1,0,2,0,6,6,2,0,3,-1,0,7,0,-1,7,0,7,0,7,0,7,-1,0,-1,14,0,14,0,14,0,14,0,14,-1,0,13,0,13,0,-1,0,-1,8,9,10,11,12,11,10,9,8,0,0,7.0,2.0,6.0,2.0
1,0,3,4,5,0,3,0,1,-1,0,4,0,-1,0,2,0,6,6,2,0,-1,7,0,7,0,7,-1,0,7,0,7,0,-1,0,-1,14,0,14,0,14,0,14,0,14,-1,0,13,0,13,0,-1,0,-1,8,9,10,11,12,11,10,9,8,0,0,1.0,2.0,1.0,3.0
1,0,3,4,5,4,3,2,1,-1,0,-1,0,2,0,6,6,0,-1,7,0,7,0,7,0,7,-1,0,7,0,-1,0,-1,14,0,14,0,14,0,14,0,14,-1,0,13,0,13,0,-1,0,-1,8,9,10,11,12,11,10,9,8,0,0,1,2,4,2.0,0.0,50.0,0.0
1,2,3,4,5,4,3,2,1,-1,0,-1,0,6,6,0,-1,7,0,7,0,7,0,7,-1,0,7,0,-1,0,-1,14,0,14,0,14,0,14,0,14,-1,0,13,0,13,0,-1,0,-1,8,9,10,11,12,11,10,9,8,0,0,7,0,8,2,-539,16.34,0.0,0.0,0.0
1,0,3,0,5,4,3,0,1,-1,0,4,0,-1,0,2,0,6,6,2,0,-1,7,0,7,0,7,-1,0,7,0,7,0,-1,0,-1,14,0,14,0,14,0,14,0,14,-1,0,13,0,13,0,-1,0,-1,8,9,10,11,12,11,10,9,8,0,0,2.0,0.0,4.0,2.0
1,2,3,4,5,4,3,2,1,-1,0,-1,0,6,0,6,0,-1,7,0,7,0,7,0,7,0,7,-1,0,-1,0,-1,14,0,14,0,14,0,14,0,14,-1,0,13,0,13,0,-1,0,-1,8,9,10,11,12,11,10,9,8,0,0,1,2,0,2,-51.0,46.14,0.0,0.0
1,0,3,4,5,4,3,2,1,-1,0,-1,0,2,0,6,6,0,-1,7,0,7,0,7,-1,0,7,0,7,0,-1,0,-1,14,0,14,0,14,0,14,0,14,-1,0,13,0,13,0,-1,0,-1,8,9,10,11,12,11,10,9,8,0,0,7,2,4,2.0,-582.0,14.63,0.0
1,0,3,4,5,4,3,2,1,-1,0,-1,0,2,0,6,6,0,-1,7,0,7,0,7,-1,0,7,0,7,0,-1,0,-1,14,0,14,0,14,0,14,0,14,-1,0,13,0,13,0,-1,0,-1,8,9,10,11,12,11,10,9,8,0,0,1,2,1,6.0,-901.0,6.12,0.0
0,3,0,5,4,3,0,1,-1,0,4,0,-1,1,0,2,0,6,6,2,0,-1,7,0,7,0,7,0,7,0,-1,0,7,-1,0,-1,14,0,14,0,14,0,14,0,14,-1,0,13,0,13,0,-1,0,-1,8,9,10,11,12,11,10,9,8,0,0,8.0,3.0,8.0,4.0
0,3,0,5,4,3,0,-1,1,0,4,0,1,-1,0,2,0,6,6,2,0,-1,7,0,7,0,7,-1,0,7,0,7,0,-1,0,-1,14,0,14,0,14,0,14,0,14,-1,0,13,0,13,0,-1,0,-1,8,9,10,11,12,11,10,9,8,0,0,1.0,2.0,1.0,4.0
1,2,3,4,5,4,3,2,1,-1,0,-1,0,6,6,0,-1,7,0,7,0,7,0,7,-1,0,7,0,-1,0,-1,14,0,14,0,14,0,14,0,14,-1,0,13,0,13,0,-1,0,-1,8,9,10,11,12,11,10,9,8,0,0,8,0,8,2,-545,16.09,0.0,0.0,0.0
1,2,3,4,5,4,3,2,1,-1,0,-1,0,6,0,6,0,-1,7,0,7,0,7,0,7,0,7,-1,0,-1,0,-1,14,0,14,0,14,0,14,0,14,-1,0,13,0,13,0,-1,0,-1,8,9,10,11,12,11,10,9,8,0,0,7,2,5,2,1.0,50.08,0.0,0.0
1,0,3,0,5,4,3,0,1,-1,0,4,0,-1,0,2,0,6,6,2,0,-1,0,7,0,7,-1,7,0,7,0,7,0,-1,0,-1,14,0,14,0,14,0,14,0,14,-1,0,13,0,13,0,-1,0,-1,8,9,10,11,12,11,10,9,8,0,0,1.0,2.0,3.0,2.0
0,3,0,5,4,0,-1,1,0,4,0,1,-1,0,2,0,6,6,2,0,3,-1,0,7,0,-1,7,0,7,0,7,0,7,-1,0,-1,14,0,14,0,14,0,14,0,14,-1,0,13,0,13,0,-1,0,-1,8,9,10,11,12,11,10,9,8,0,0,6.0,0.0,8.0,2.0
1,0,3,4,5,4,3,0,1,-1,0,-1,0,2,0,6,6,2,0,-1,7,0,7,0,7,0,7,0,7,-1,0,-1,0,-1,14,0,14,0,14,0,14,0,14,-1,0,13,0,13,0,-1,0,-1,8,9,10,11,12,11,10,9,8,0,0,7,2,7.0,8.0,-1011.0,4.46
1,0,3,4,5,0,3,0,1,-1,0,4,0,-1,0,2,0,6,6,2,0,-1,7,0,7,0,7,-1,0,7,0,7,0,-1,0,-1,14,0,14,0,14,0,14,0,14,-1,0,13,0,13,0,-1,0,-1,8,9,10,11,12,11,10,9,8,0,0,1.0,2.0,3.0,2.0
1,0,3,0,5,4,3,0,1,-1,0,4,0,-1,0,2,0,6,6,2,0,-1,7,0,7,0,7,0,7,-1,0,7,0,-1,0,-1,14,0,14,0,14,0,14,0,14,-1,0,13,0,13,0,-1,0,-1,8,9,10,11,12,11,10,9,8,0,0,7.0,2.0,7.0,3.0
1,0,3,4,5,4,3,2,1,-1,0,-1,0,2,0,6,6,0,-1,7,0,7,0,7,-1,0,7,0,7,0,-1,0,-1,14,0,14,0,14,0,14,0,14,-1,0,13,0,13,0,-1,0,-1,8,9,10,11,12,11,10,9,8,0,0,6,0,4,2.0,-543.0,16.17,0.0
1,2,3,4,5,4,3,2,1,-1,0,-1,0,6,6,0,-1,7,0,7,0,7,0,7,-1,0,7,0,-1,0,-1,14,0,14,0,14,0,14,0,14,-1,0,13,0,13,0,-1,0,-1,8,9,10,11,12,11,10,9,8,0,0,7,0,6,2,-306,28.35,0.0,0.0,0.0
1,0,3,0,5,4,3,2,1,-1,0,4,0,-1,0,2,0,6,6,0,-1,7,0,7,0,7,0,7,-1,0,7,0,-1,0,-1,14,0,14,0,14,0,14,0,14,-1,0,13,0,13,0,-1,0,-1,8,9,10,11,12,11,10,9,8,0,0,4,0.0,4.0,1.0,-819.0
1,2,3,4,5,4,3,0,1,-1,0,-1,0,6,6,2,0,-1,7,0,7,0,7,-1,0,7,0,7,0,-1,0,-1,14,0,14,0,14,0,14,0,14,-1,0,13,0,13,0,-1,0,-1,8,9,10,11,12,11,10,9,8,0,0,1,2,1,6,-873.0,6.63,0.0,0.0
1,0,3,0,5,4,3,0,1,-1,0,4,0,-1,0,2,0,6,6,2,0,-1,7,0,7,0,7,0,7,-1,0,7,0,-1,0,-1,14,0,14,0,14,0,14,0,14,-1,0,13,0,13,0,-1,0,-1,8,9,10,11,12,11,10,9,8,0,0,6.0,0.0,4.0,2.0
0,3,0,5,4,3,0,1,-1,1,0,4,0,-1,0,2,0,6,6,2,0,-1,7,0,7,0,7,0,7,-1,0,7,0,-1,0,-1,14,0,14,0,14,0,14,0,14,-1,0,13,0,13,0,-1,0,-1,8,9,10,11,12,11,10,9,8,0,0,0.0,0.0,0.0,1.0
0,3,0,5,4,3,0,1,-1,1,0,4,0,-1,0,2,0,6,6,2,0,-1,7,0,7,0,7,-1,0,7,0,7,0,-1,0,-1,14,0,14,0,14,0,14,0,14,-1,0,13,0,13,0,-1,0,-1,8,9,10,11,12,11,10,9,8,0,0,1.0,2.0,2.0,2.0
1,2,3,4,5,4,3,2,1,-1,0,-1,0,6,6,0,-1,7,0,7,0,7,0,7,0,7,-1,0,-1,0,-1,14,0,14,0,14,0,14,0,14,-1,0,13,0,13,0,-1,0,-1,8,9,10,11,12,11,10,9,8,0,0,2,0,0,2,-724,10.03,0.0,0.0,0.0
1,2,3,4,5,4,3,2,1,-1,0,-1,0,6,6,0,-1,7,0,7,0,7,0,7,0,7,-1,0,-1,0,-1,14,0,14,0,14,0,14,0,14,-1,0,13,0,13,0,-1,0,-1,8,9,10,11,12,11,10,9,8,0,0,6,0,8,2,-678,11.36,0.0,0.0,0.0
1,0,3,0,5,4,3,0,-1,0,4,0,1,-1,0,2,0,6,6,2,0,-1,7,0,7,0,7,-1,0,7,0,7,0,-1,0,-1,14,0,14,0,14,0,14,0,14,-1,0,13,0,13,0,-1,0,-1,8,9,10,11,12,11,10,9,8,0,0,3.0,0.0,4.0,1.0
0,3,4,5,0,3,0,-1,0,4,0,1,-1,1,0,2,0,6,6,2,0,-1,0,7,0,-1,7,0,7,0,7,0,7,-1,0,-1,14,0,14,0,14,0,14,0,14,-1,0,13,0,13,0,-1,0,-1,8,9,10,11,12,11,10,9,8,0,0,1.0,2.0,1.0,1.0
1,2,3,4,5,4,3,2,1,-1,0,-1,0,6,6,0,-1,7,0,7,0,7,0,7,-1,0,7,0,-1,0,-1,14,0,14,0,14,0,14,0,14,-1,0,13,0,13,0,-1,0,-1,8,9,10,11,12,11,10,9,8,0,0,4,3,4,4,-979,4.9,0.0,0.0,0.0
1,0,3,0,5,4,3,0,-1,0,4,0,1,-1,0,2,0,6,6,2,0,-1,7,0,7,0,-1,0,7,0,7,0,7,-1,0,-1,14,0,14,0,14,0,14,0,14,-1,0,13,0,13,0,-1,0,-1,8,9,10,11,12,11,10,9,8,0,0,8.0,0.0,8.0,2.0
1,2,3,4,5,4,3,0,1,-1,0,-1,0,6,6,2,0,-1,7,0,7,0,7,0,7,0,7,-1,0,-1,0,-1,14,0,14,0,14,0,14,0,14,-1,0,13,0,13,0,-1,0,-1,8,9,10,11,12,11,10,9,8,0,0,0,0,0,2,-667.0,11.7,0.0,0.0
0,5,4,0,-1,1,0,4,0,1,-1,3,0,2,0,6,6,2,0,3,-1,0,7,0,-1,7,0,7,0,7,0,7,-1,0,-1,14,0,14,0,14,0,14,0,14,-1,0,13,0,13,0,-1,0,-1,8,9,10,11,12,11,10,9,8,0,0,7,2.0,7.0,1.0,0.0
1,2,3,4,5,4,3,2,1,-1,0,-1,0,6,6,0,-1,7,0,7,0,7,0,7,0,7,-1,0,-1,0,-1,14,0,14,0,14,0,14,0,14,-1,0,13,0,13,0,-1,0,-1,8,9,10,11,12,11,10,9,8,0,0,1,2,4,2,0,50.0,0.0,0.0,0.0
1,2,3,4,5,4,3,2,1,-1,0,-1,0,6,6,0,-1,7,0,7,0,7,0,7,-1,0,7,0,-1,0,-1,14,0,14,0,14,0,14,0,14,-1,0,13,0,13,0,-1,0,-1,8,9,10,11,12,11,10,9,8,0,0,7,2,7,8,-699,10.73,0.0,0.0,0.0
1,0,3,4,5,0,3,0,1,-1,0,4,0,-1,0,2,0,6,6,2,0,-1,7,0,7,0,7,-1,0,7,0,7,0,-1,0,-1,14,0,14,0,14,0,14,0,14,-1,0,13,0,13,0,-1,0,-1,8,9,10,11,12,11,10,9,8,0,0,1.0,2.0,0.0,2.0
1,0,3,0,5,4,3,0,1,-1,0,4,0,-1,0,2,0,6,6,2,0,-1,0,-1,7,0,7,0,7,0,7,0,7,-1,0,-1,14,0,14,0,14,0,14,0,14,-1,0,13,0,13,0,-1,0,-1,8,9,10,11,12,11,10,9,8,0,0,4.0,3.0,4.0,4.0
1,0,3,0,5,4,0,-1,0,4,0,1,-1,0,2,0,6,6,2,0,3,-1,0,7,0,-1,7,0,7,0,7,0,7,-1,0,-1,14,0,14,0,14,0,14,0,14,-1,0,13,0,13,0,-1,0,-1,8,9,10,11,12,11,10,9,8,0,0,6.0,0.0,8.0,2.0
1,0,3,0,5,4,3,0,1,-1,0,4,0,-1,0,2,0,6,6,2,0,-1,7,0,7,0,7,-1,0,7,0,7,0,-1,0,-1,14,0,14,0,14,0,14,0,14,-1,0,13,0,13,0,-1,0,-1,8,9,10,11,12,11,10,9,8,0,0,7.0,2.0,7.0,3.0
1,0,3,4,5,4,3,0,1,-1,0,-1,0,2,0,6,6,2,0,-1,7,0,7,0,7,0,7,0,7,-1,0,-1,0,-1,14,0,14,0,14,0,14,0,14,-1,0,13,0,13,0,-1,0,-1,8,9,10,11,12,11,10,9,8,0,0,1,0,0.0,2.0,-838.0,7.31
1,2,3,4,5,4,3,0,1,-1,0,-1,0,6,6,2,0,-1,7,0,7,0,7,0,7,0,7,-1,0,-1,0,-1,14,0,14,0,14,0,14,0,14,-1,0,13,0,13,0,-1,0,-1,8,9,10,11,12,11,10,9,8,0,0,2,0,4,2,-293.0,29.15,0.0,0.0
1,0,3,4,5,4,3,2,1,-1,0,-1,0,2,0,6,6,0,-1,7,0,7,0,7,0,7,-1,0,7,0,-1,0,-1,14,0,14,0,14,0,14,0,14,-1,0,13,0,13,0,-1,0,-1,8,9,10,11,12,11,10,9,8,0,0,4,0,4,1.0,-800.0,8.13,0.0
1,0,3,4,5,4,3,0,1,-1,0,-1,0,2,0,6,6,2,0,-1,7,0,7,0,7,-1,0,7,0,7,0,-1,0,-1,14,0,14,0,14,0,14,0,14,-1,0,13,0,13,0,-1,0,-1,8,9,10,11,12,11,10,9,8,0,0,7,2,7.0,3.0,-1216.0,2.45
1,2,3,4,5,4,3,2,1,-1,0,-1,0,6,6,0,-1,7,0,7,0,7,0,7,0,7,-1,0,-1,0,-1,14,0,14,0,14,0,14,0,14,-1,0,13,0,13,0,-1,0,-1,8,9,10,11,12,11,10,9,8,0,0,7,0,6,2,-139,39.62,0.0,0.0,0.0
1,2,3,4,5,4,3,2,1,-1,0,-1,0,6,0,6,0,-1,7,0,7,0,7,0,7,0,7,-1,0,-1,0,-1,14,0,14,0,14,0,14,0,14,-1,0,13,0,13,0,-1,0,-1,8,9,10,11,12,11,10,9,8,0,0,0,0,0,2,-238.0,32.71,0.0,0.0
1,0,3,4,5,0,3,0,1,-1,0,4,0,-1,0,2,0,6,6,2,0,-1,7,0,7,0,7,0,7,-1,0,7,0,-1,0,-1,14,0,14,0,14,0,14,0,14,-1,0,13,0,13,0,-1,0,-1,8,9,10,11,12,11,10,9,8,0,0,7.0,0.0,6.0,2.0
1,2,3,4,5,4,3,2,1,-1,0,-1,0,6,6,0,-1,7,0,7,0,7,-1,0,7,0,7,0,-1,0,-1,14,0,14,0,14,0,14,0,14,-1,0,13,0,13,0,-1,0,-1,8,9,10,11,12,11,10,9,8,0,0,1,2,1,5,-797,8.2,0.0,0.0,0.0
0,5,4,0,-1,1,0,4,0,1,-1,3,0,2,0,6,6,2,0,3,-1,0,7,0,-1,7,0,7,0,7,0,7,-1,0,-1,14,0,14,0,14,0,14,0,14,-1,0,13,0,13,0,-1,0,-1,8,9,10,11,12,11,10,9,8,0,0,2,0.0,0.0,2.0,0.0
1,0,3,0,5,4,3,0,1,-1,0,4,0,-1,0,2,0,6,6,2,0,-1,7,0,7,0,7,0,7,-1,0,7,0,-1,0,-1,14,0,14,0,14,0,14,0,14,-1,0,13,0,13,0,-1,0,-1,8,9,10,11,12,11,10,9,8,0,0,7.0,2.0,7.0,4.0
1,2,3,4,5,4,3,0,1,-1,0,-1,0,6,6,2,0,-1,7,0,7,0,7,-1,0,7,0,7,0,-1,0,-1,14,0,14,0,14,0,14,0,14,-1,0,13,0,13,0,-1,0,-1,8,9,10,11,12,11,10,9,8,0,0,2,3,2,4,-857.0,6.93,0.0,0.0
0,3,0,5,4,3,0,1,-1,1,0,4,0,-1,0,2,0,6,6,2,0,-1,7,0,7,0,7,-1,0,7,0,7,0,-1,0,-1,14,0,14,0,14,0,14,0,14,-1,0,13,0,13,0,-1,0,-1,8,9,10,11,12,11,10,9,8,0,0,1.0,2.0,1.0,3.0
1,0,3,4,5,4,3,2,1,-1,0,-1,0,2,0,6,6,0,-1,7,0,7,0,7,-1,0,7,0,7,0,-1,0,-1,14,0,14,0,14,0,14,0,14,-1,0,13,0,13,0,-1,0,-1,8,9,10,11,12,11,10,9,8,0,0,1,2,6,2.0,-870.0,6.68,0.0
1,0,3,4,5,4,3,0,-1,0,1,-1,0,2,0,6,6,2,0,-1,7,0,7,0,7,-1,0,7,0,7,0,-1,0,-1,14,0,14,0,14,0,14,0,14,-1,0,13,0,13,0,-1,0,-1,8,9,10,11,12,11,10,9,8,0,0,4,0,4.0,1.0,-1358.0,1.61
1,2,3,4,5,4,3,2,1,-1,0,-1,0,6,0,6,0,-1,7,0,7,0,7,0,7,0,7,-1,0,-1,0,-1,14,0,14,0,14,0,14,0,14,-1,0,13,0,13,0,-1,0,-1,8,9,10,11,12,11,10,9,8,0,0,5,0,4,1,-104.0,42.19,0.0,0.0
1,2,3,4,5,0,3,2,1,-1,0,4,0,-1,0,6,6,0,-1,7,0,7,0,7,-1,0,7,0,7,0,-1,0,-1,14,0,14,0,14,0,14,0,14,-1,0,13,0,13,0,-1,0,-1,8,9,10,11,12,11,10,9,8,0,0,7,2,4,2.0,0.0,50.0,0.0
0,3,0,5,4,0,-1,0,4,0,1,-1,1,0,2,0,6,6,2,0,3,-1,0,7,0,-1,7,0,7,0,7,0,7,-1,0,-1,14,0,14,0,14,0,14,0,14,-1,0,13,0,13,0,-1,0,-1,8,9,10,11,12,11,10,9,8,0,0,7.0,2.0,2.0,2.0
1,0,3,4,5,0,3,0,1,-1,0,4,0,-1,0,2,0,6,6,2,0,-1,7,0,7,0,7,0,7,0,7,-1,0,-1,0,-1,14,0,14,0,14,0,14,0,14,-1,0,13,0,13,0,-1,0,-1,8,9,10,11,12,11,10,9,8,0,0,1.0,2.0,4.0,2.0
1,0,3,0,5,4,3,0,1,-1,0,4,0,-1,0,2,0,6,6,2,0,-1,0,7,0,7,-1,7,0,7,0,7,0,-1,0,-1,14,0,14,0,14,0,14,0,14,-1,0,13,0,13,0,-1,0,-1,8,9,10,11,12,11,10,9,8,0,0,1.0,2.0,1.0,6.0
1,0,3,4,5,4,3,0,1,-1,0,-1,0,2,0,6,6,2,0,-1,7,0,7,0,7,0,7,0,7,-1,0,-1,0,-1,14,0,14,0,14,0,14,0,14,-1,0,13,0,13,0,-1,0,-1,8,9,10,11,12,11,10,9,8,0,0,2,0,4.0,2.0,0.0,50.0
1,0,3,0,5,4,3,2,1,-1,0,4,0,-1,0,2,0,6,6,0,-1,7,0,7,0,7,0,7,-1,0,7,0,-1,0,-1,14,0,14,0,14,0,14,0,14,-1,0,13,0,13,0,-1,0,-1,8,9,10,11,12,11,10,9,8,0,0,1,0.0,2.0,2.0,-452.0
1,2,3,4,5,4,3,0,1,-1,0,-1,0,6,6,2,0,-1,7,0,7,0,7,-1,0,7,0,7,0,-1,0,-1,14,0,14,0,14,0,14,0,14,-1,0,13,0,13,0,-1,0,-1,8,9,10,11,12,11,10,9,8,0,0,7,2,7,3,-1018.0,4.37,0.0,0.0
0,3,0,5,4,3,0,1,-1,1,0,4,0,-1,0,2,0,6,6,2,0,-1,7,0,7,0,7,-1,0,7,0,7,0,-1,0,-1,14,0,14,0,14,0,14,0,14,-1,0,13,0,13,0,-1,0,-1,8,9,10,11,12,11,10,9,8,0,0,1.0,2.0,6.0,2.0
0,3,0,5,4,3,0,1,-1,1,0,4,0,-1,0,2,0,6,6,2,0,-1,7,0,7,0,7,-1,0,7,0,7,0,-1,0,-1,14,0,14,0,14,0,14,0,14,-1,0,13,0,13,0,-1,0,-1,8,9,10,11,12,11,10,9,8,0,0,1.0,2.0,1.0,4.0
0,3,4,5,0,3,0,-1,0,4,0,1,-1,1,0,2,0,6,6,2,0,-1,0,7,0,-1,7,0,7,0,7,0,7,-1,0,-1,14,0,14,0,14,0,14,0,14,-1,0,13,0,13,0,-1,0,-1,8,9,10,11,12,11,10,9,8,0,0,1.0,2.0,1.0,8.0
1,0,3,0,5,4,3,2,1,-1,0,4,0,-1,0,2,0,6,6,0,-1,7,0,7,0,7,0,7,-1,0,7,0,-1,0,-1,14,0,14,0,14,0,14,0,14,-1,0,13,0,13,0,-1,0,-1,8,9,10,11,12,11,10,9,8,0,0,2,0.0,4.0,2.0,-426.0
1,2,3,4,5,4,3,2,1,-1,0,-1,0,6,0,6,0,-1,7,0,7,0,7,0,7,0,7,-1,0,-1,0,-1,14,0,14,0,14,0,14,0,14,-1,0,13,0,13,0,-1,0,-1,8,9,10,11,12,11,10,9,8,0,0,5,0,4,1,0.0,50.0,0.0,0.0
1,2,3,4,5,4,3,2,1,-1,0,-1,0,6,6,0,-1,7,0,7,0,7,-1,0,7,0,7,0,-1,0,-1,14,0,14,0,14,0,14,0,14,-1,0,13,0,13,0,-1,0,-1,8,9,10,11,12,11,10,9,8,0,0,6,0,8,2,-669,11.64,0.0,0.0,0.0
1,2,3,0,5,4,3,0,1,-1,0,4,0,-1,0,6,6,2,0,-1,7,0,7,0,7,0,7,0,7,-1,0,-1,0,-1,14,0,14,0,14,0,14,0,14,-1,0,13,0,13,0,-1,0,-1,8,9,10,11,12,11,10,9,8,0,0,6,0,4.0,2.0,0.0,50.0
0,5,4,0,-1,1,0,4,0,1,-1,3,0,2,0,6,6,2,0,3,-1,0,7,0,-1,7,0,7,0,7,0,7,-1,0,-1,14,0,14,0,14,0,14,0,14,-1,0,13,0,13,0,-1,0,-1,8,9,10,11,12,11,10,9,8,0,0,4,0.0,4.0,1.0,0.0
1,0,3,0,5,4,3,0,-1,0,4,0,1,-1,0,2,0,6,6,2,0,-1,0,7,0,-1,7,0,7,0,7,0,7,-1,0,-1,14,0,14,0,14,0,14,0,14,-1,0,13,0,13,0,-1,0,-1,8,9,10,11,12,11,10,9,8,0,0,7.0,2.0,7.0,3.0
1,2,3,4,5,4,3,2,1,-1,0,-1,0,6,0,6,0,-1,7,0,7,0,7,0,7,0,7,-1,0,-1,0,-1,14,0,14,0,14,0,14,0,14,-1,0,13,0,13,0,-1,0,-1,8,9,10,11,12,11,10,9,8,0,0,2,0,4,2,1.0,50.08,0.0,0.0
0,5,4,0,-1,1,0,4,0,1,-1,3,0,2,0,6,6,2,0,3,-1,0,7,0,-1,7,0,7,0,7,0,7,-1,0,-1,14,0,14,0,14,0,14,0,14,-1,0,13,0,13,0,-1,0,-1,8,9,10,11,12,11,10,9,8,0,0,7,2.0,7.0,7.0,0.0
1,2,3,4,5,4,3,2,1,-1,0,-1,0,6,0,6,0,-1,7,0,7,0,7,0,7,0,7,-1,0,-1,0,-1,14,0,14,0,14,0,14,0,14,-1,0,13,0,13,0,-1,0,-1,8,9,10,11,12,11,10,9,8,0,0,1,2,1,4,-2.0,49.85,0.0,0.0
0,3,4,5,0,3,0,-1,0,4,0,1,-1,1,0,2,0,6,6,2,0,-1,0,7,0,-1,7,0,7,0,7,0,7,-1,0,-1,14,0,14,0,14,0,14,0,14,-1,0,13,0,13,0,-1,0,-1,8,9,10,11,12,11,10,9,8,0,0,7.0,2.0,7.0,8.0
1,2,3,4,5,4,3,2,1,-1,0,-1,0,6,6,0,-1,7,0,7,0,7,-1,0,7,0,7,0,-1,0,-1,14,0,14,0,14,0,14,0,14,-1,0,13,0,13,0,-1,0,-1,8,9,10,11,12,11,10,9,8,0,0,1,2,0,2,-629,12.94,0.0,0.0,0.0
0,5,4,0,-1,1,0,4,0,1,-1,3,0,2,0,6,6,2,0,3,-1,0,-1,7,0,7,0,7,0,7,0,7,-1,0,-1,14,0,14,0,14,0,14,0,14,-1,0,13,0,13,0,-1,0,-1,8,9,10,11,12,11,10,9,8,0,0,7,2.0,7.0,7.0,0.0
1,0,3,0,5,4,3,0,1,-1,0,4,0,-1,0,2,0,6,6,2,0,-1,7,0,7,0,7,0,7,-1,0,7,0,-1,0,-1,14,0,14,0,14,0,14,0,14,-1,0,13,0,13,0,-1,0,-1,8,9,10,11,12,11,10,9,8,0,0,1.0,2.0,1.0,4.0
1,2,3,4,5,4,3,2,1,-1,0,-1,0,6,6,0,-1,7,0,7,0,7,0,7,-1,0,7,0,-1,0,-1,14,0,14,0,14,0,14,0,14,-1,0,13,0,13,0,-1,0,-1,8,9,10,11,12,11,10,9,8,0,0,0,3,0,4,-600,13.97,0.0,0.0,0.0
0,3,0,5,4,3,0,-1,1,0,4,0,1,-1,0,2,0,6,6,2,0,-1,0,7,0,-1,7,0,7,0,7,0,7,-1,0,-1,14,0,14,0,14,0,14,0,14,-1,0,13,0,13,0,-1,0,-1,8,9,10,11,12,11,10,9,8,0,0,7.0,2.0,3.0,2.0
1,0,3,0,5,4,3,0,1,-1,0,4,0,-1,0,2,0,6,6,2,0,-1,7,0,7,0,7,0,7,0,7,-1,0,-1,0,-1,14,0,14,0,14,0,14,0,14,-1,0,13,0,13,0,-1,0,-1,8,9,10,11,12,11,10,9,8,0,0,2.0,0.0,4.0,2.0
1,0,3,0,5,4,3,2,1,-1,0,4,0,-1,0,2,0,6,6,0,-1,7,0,7,0,7,0,7,-1,0,7,0,-1,0,-1,14,0,14,0,14,0,14,0,14,-1,0,13,0,13,0,-1,0,-1,8,9,10,11,12,11,10,9,8,0,0,3,0.0,4.0,1.0,0.0
1,2,3,4,5,4,3,2,1,-1,0,-1,0,6,6,0,-1,7,0,7,0,7,-1,0,7,0,7,0,-1,0,-1,14,0,14,0,14,0,14,0,14,-1,0,13,0,13,0,-1,0,-1,8,9,10,11,12,11,10,9,8,0,0,2,0,4,2,-294,29.09,0.0,0.0,0.0
1,0,3,4,5,4,3,2,1,-1,0,-1,0,2,0,6,6,0,-1,7,0,7,0,7,-1,0,7,0,7,0,-1,0,-1,14,0,14,0,14,0,14,0,14,-1,0,13,0,13,0,-1,0,-1,8,9,10,11,12,11,10,9,8,0,0,1,2,2,2.0,-905.0,6.05,0.0
1,0,3,4,5,4,3,0,1,-1,0,-1,0,2,0,6,6,2,0,-1,7,0,7,0,7,0,7,0,7,-1,0,-1,0,-1,14,0,14,0,14,0,14,0,14,-1,0,13,0,13,0,-1,0,-1,8,9,10,11,12,11,10,9,8,0,0,4,0,4.0,1.0,-960.0,5.17
1,0,3,4,5,4,3,2,1,-1,0,-1,0,2,0,6,6,0,-1,7,0,7,0,7,0,7,-1,0,7,0,-1,0,-1,14,0,14,0,14,0,14,0,14,-1,0,13,0,13,0,-1,0,-1,8,9,10,11,12,11,10,9,8,0,0,1,2,3,2.0,-788.0,8.41,0.0
0,3,0,5,4,3,0,-1,1,0,4,0,1,-1,0,2,0,6,6,2,0,-1,7,0,7,0,7,-1,0,7,0,7,0,-1,0,-1,14,0,14,0,14,0,14,0,14,-1,0,13,0,13,0,-1,0,-1,8,9,10,11,12,11,10,9,8,0,0,1.0,2.0,2.0,2.0
1,0,3,4,5,4,3,2,1,-1,0,-1,0,2,0,6,6,0,-1,7,0,7,0,7,-1,0,7,0,7,0,-1,0,-1,14,0,14,0,14,0,14,0,14,-1,0,13,0,13,0,-1,0,-1,8,9,10,11,12,11,10,9,8,0,0,5,0,4,1.0,-486.0,18.65,0.0
1,2,3,4,5,4,3,2,1,-1,0,-1,0,6,6,0,-1,7,0,7,0,7,0,7,0,7,-1,0,-1,0,-1,14,0,14,0,14,0,14,0,14,-1,0,13,0,13,0,-1,0,-1,8,9,10,11,12,11,10,9,8,0,0,0,0,0,1,-621,13.22,0.0,0.0,0.0
1,2,3,4,5,4,3,2,1,-1,0,-1,0,6,6,0,-1,7,0,7,0,7,-1,0,7,0,7,0,-1,0,-1,14,0,14,0,14,0,14,0,14,-1,0,13,0,13,0,-1,0,-1,8,9,10,11,12,11,10,9,8,0,0,1,2,1,6,-679,11.33,0.0,0.0,0.0
0,3,0,5,4,0,-1,0,4,0,1,-1,1,0,2,0,6,6,2,0,3,-1,0,7,0,-1,7,0,7,0,7,0,7,-1,0,-1,14,0,14,0,14,0,14,0,14,-1,0,13,0,13,0,-1,0,-1,8,9,10,11,12,11,10,9,8,0,0,1.0,2.0,1.0,1.0
0,3,0,5,4,3,0,1,-1,0,4,0,-1,1,0,2,0,6,6,2,0,-1,7,0,7,0,7,0,-1,0,7,0,7,-1,0,-1,14,0,14,0,14,0,14,0,14,-1,0,13,0,13,0,-1,0,-1,8,9,10,11,12,11,10,9,8,0,0,2.0,3.0,2.0,4.0
1,0,3,4,5,4,3,0,1,-1,0,-1,0,2,0,6,6,2,0,-1,7,0,7,0,7,-1,0,7,0,7,0,-1,0,-1,14,0,14,0,14,0,14,0,14,-1,0,13,0,13,0,-1,0,-1,8,9,10,11,12,11,10,9,8,0,0,6,0,4.0,2.0,0.0,50.0
1,0,3,0,5,4,3,0,1,-1,0,4,0,-1,0,2,0,6,6,2,0,-1,0,7,0,7,-1,7,0,7,0,7,0,-1,0,-1,14,0,14,0,14,0,14,0,14,-1,0,13,0,13,0,-1,0,-1,8,9,10,11,12,11,10,9,8,0,0,1.0,0.0,0.0,2.0
1,2,3,4,5,0,3,2,1,-1,0,4,0,-1,0,6,6,0,-1,7,0,7,0,7,-1,0,7,0,7,0,-1,0,-1,14,0,14,0,14,0,14,0,14,-1,0,13,0,13,0,-1,0,-1,8,9,10,11,12,11,10,9,8,0,0,4,0,4,1.0,-666.0,11.73,0.0
1,0,3,0,5,4,3,0,-1,0,4,0,1,-1,0,2,0,6,6,2,0,-1,7,0,7,0,7,0,7,-1,0,7,0,-1,0,-1,14,0,14,0,14,0,14,0,14,-1,0,13,0,13,0,-1,0,-1,8,9,10,11,12,11,10,9,8,0,0,8.0,0.0,8.0,1.0
1,2,3,4,5,4,3,2,1,-1,0,-1,0,6,0,6,0,-1,7,0,7,0,7,0,7,0,7,-1,0,-1,0,-1,14,0,14,0,14,0,14,0,14,-1,0,13,0,13,0,-1,0,-1,8,9,10,11,12,11,10,9,8,0,0,7,2,6,2,0.0,50.0,0.0,0.0
1,0,3,0,5,4,3,0,-1,0,4,0,1,-1,0,2,0,6,6,2,0,-1,0,7,0,-1,7,0,7,0,7,0,7,-1,0,-1,14,0,14,0,14,0,14,0,14,-1,0,13,0,13,0,-1,0,-1,8,9,10,11,12,11,10,9,8,0,0,0.0,3.0,0.0,4.0
1,0,3,0,5,4,3,2,1,-1,0,4,0,-1,0,2,0,6,6,0,-1,7,0,7,0,7,0,7,-1,0,7,0,-1,0,-1,14,0,14,0,14,0,14,0,14,-1,0,13,0,13,0,-1,0,-1,8,9,10,11,12,11,10,9,8,0,0,5,0.0,4.0,1.0,-464.0
1,2,3,4,5,4,3,2,1,-1,0,-1,0,6,6,0,-1,7,0,7,0,7,0,7,-1,0,7,0,-1,0,-1,14,0,14,0,14,0,14,0,14,-1,0,13,0,13,0,-1,0,-1,8,9,10,11,12,11,10,9,8,0,0,1,2,1,6,-671,11.57,0.0,0.0,0.0
0,3,0,5,4,0,-1,0,4,0,1,-1,1,0,2,0,6,6,2,0,3,-1,0,7,0,-1,7,0,7,0,7,0,7,-1,0,-1,14,0,14,0,14,0,14,0,14,-1,0,13,0,13,0,-1,0,-1,8,9,10,11,12,11,10,9,8,0,0,7.0,2.0,7.0,5.0
1,2,3,4,5,4,3,0,1,-1,0,-1,0,6,6,2,0,-1,7,0,7,0,7,-1,0,7,0,7,0,-1,0,-1,14,0,14,0,14,0,14,0,14,-1,0,13,0,13,0,-1,0,-1,8,9,10,11,12,11,10,9,8,0,0,7,2,7,4,-848.0,7.11,0.0,0.0
1,0,3,4,5,0,3,0,1,-1,0,4,0,-1,0,2,0,6,6,2,0,-1,7,0,7,0,7,-1,0,7,0,7,0,-1,0,-1,14,0,14,0,14,0,14,0,14,-1,0,13,0,13,0,-1,0,-1,8,9,10,11,12,11,10,9,8,0,0,7.0,2.0,7.0,3.0
1,0,3,0,5,4,3,0,1,-1,0,4,0,-1,0,2,0,6,6,2,0,-1,7,0,7,0,7,0,7,0,7,-1,0,-1,0,-1,14,0,14,0,14,0,14,0,14,-1,0,13,0,13,0,-1,0,-1,8,9,10,11,12,11,10,9,8,0,0,7.0,2.0,6.0,2.0
1,2,3,4,5,4,3,2,1,-1,0,-1,0,6,0,6,0,-1,7,0,7,0,7,0,7,0,7,-1,0,-1,0,-1,14,0,14,0,14,0,14,0,14,-1,0,13,0,13,0,-1,0,-1,8,9,10,11,12,11,10,9,8,0,0,7,2,7,3,-169.0,37.47,0.0,0.0
0,3,0,5,4,0,-1,0,4,0,1,-1,1,0,2,0,6,6,2,0,3,-1,0,7,0,-1,7,0,7,0,7,0,7,-1,0,-1,14,0,14,0,14,0,14,0,14,-1,0,13,0,13,0,-1,0,-1,8,9,10,11,12,11,10,9,8,0,0,1.0,2.0,3.0,2.0
1,0,3,4,5,4,3,0,1,-1,0,-1,0,2,0,6,6,2,0,-1,7,0,7,0,7,-1,0,7,0,7,0,-1,0,-1,14,0,14,0,14,0,14,0,14,-1,0,13,0,13,0,-1,0,-1,8,9,10,11,12,11,10,9,8,0,0,1,0,2.0,2.0,-682.0,11.24
1,2,3,4,5,4,3,2,1,-1,0,-1,0,6,6,0,-1,7,0,7,0,7,-1,0,7,0,7,0,-1,0,-1,14,0,14,0,14,0,14,0,14,-1,0,13,0,13,0,-1,0,-1,8,9,10,11,12,11,10,9,8,0,0,4,3,4,4,-977,4.92,0.0,0.0,0.0
0,3,0,5,4,0,-1,1,0,4,0,1,-1,0,2,0,6,6,2,0,3,-1,0,7,0,-1,7,0,7,0,7,0,7,-1,0,-1,14,0,14,0,14,0,14,0,14,-1,0,13,0,13,0,-1,0,-1,8,9,10,11,12,11,10,9,8,0,0,7.0,2.0,6.0,2.0
0,3,0,5,4,0,-1,0,4,0,1,-1,1,0,2,0,6,6,2,0,3,-1,0,7,0,-1,7,0,7,0,7,0,7,-1,0,-1,14,0,14,0,14,0,14,0,14,-1,0,13,0,13,0,-1,0,-1,8,9,10,11,12,11,10,9,8,0,0,1.0,2.0,1.0,7.0
0,3,4,5,0,3,0,-1,0,4,0,1,-1,1,0,2,0,6,6,2,0,-1,0,7,0,-1,7,0,7,0,7,0,7,-1,0,-1,14,0,14,0,14,0,14,0,14,-1,0,13,0,13,0,-1,0,-1,8,9,10,11,12,11,10,9,8,0,0,7.0,2.0,7.0,6.0
1,0,3,4,5,4,3,0,1,-1,0,-1,0,2,0,6,6,2,0,-1,7,0,7,0,7,0,7,0,7,-1,0,-1,0,-1,14,0,14,0,14,0,14,0,14,-1,0,13,0,13,0,-1,0,-1,8,9,10,11,12,11,10,9,8,0,0,1,2,5.0,2.0,-929.0,5.65
1,2,3,4,5,4,3,0,1,-1,0,-1,0,6,6,2,0,-1,7,0,7,0,7,-1,0,7,0,7,0,-1,0,-1,14,0,14,0,14,0,14,0,14,-1,0,13,0,13,0,-1,0,-1,8,9,10,11,12,11,10,9,8,0,0,1,2,1,3,-723.0,10.06,0.0,0.0
1,2,3,4,5,4,3,2,1,-1,0,-1,0,6,0,6,0,-1,7,0,7,0,7,0,7,0,7,-1,0,-1,0,-1,14,0,14,0,14,0,14,0,14,-1,0,13,0,13,0,-1,0,-1,8,9,10,11,12,11,10,9,8,0,0,7,2,7,8,-163.0,37.9,0.0,0.0
0,3,0,5,4,0,-1,0,4,0,1,-1,1,0,2,0,6,6,2,0,3,-1,0,7,0,-1,7,0,7,0,7,0,7,-1,0,-1,14,0,14,0,14,0,14,0,14,-1,0,13,0,13,0,-1,0,-1,8,9,10,11,12,11,10,9,8,0,0,7.0,2.0,7.0,7.0
1,2,3,4,5,4,3,2,1,-1,0,-1,0,6,0,6,0,-1,7,0,7,0,7,0,7,0,7,-1,0,-1,0,-1,14,0,14,0,14,0,14,0,14,-1,0,13,0,13,0,-1,0,-1,8,9,10,11,12,11,10,9,8,0,0,2,3,2,4,1.0,50.08,0.0,0.0
1,2,3,0,5,4,3,0,1,-1,0,4,0,-1,0,6,6,2,0,-1,7,0,7,0,7,-1,0,7,0,7,0,-1,0,-1,14,0,14,0,14,0,14,0,14,-1,0,13,0,13,0,-1,0,-1,8,9,10,11,12,11,10,9,8,0,0,5,0,4.0,1.0,0.0,50.0
1,2,3,4,5,4,3,2,1,-1,0,-1,0,6,0,6,0,-1,7,0,7,0,7,0,7,0,7,-1,0,-1,0,-1,14,0,14,0,14,0,14,0,14,-1,0,13,0,13,0,-1,0,-1,8,9,10,11,12,11,10,9,8,0,0,7,2,4,2,0.0,50.0,0.0,0.0
1,0,3,0,5,4,3,0,1,-1,0,4,0,-1,0,2,0,6,6,2,0,-1,7,0,7,0,7,0,7,0,7,-1,0,-1,0,-1,14,0,14,0,14,0,14,0,14,-1,0,13,0,13,0,-1,0,-1,8,9,10,11,12,11,10,9,8,0,0,5.0,0.0,4.0,1.0
1,0,3,0,5,4,3,0,1,-1,0,4,0,-1,0,2,0,6,6,2,0,-1,7,0,7,0,7,0,7,0,7,-1,0,-1,0,-1,14,0,14,0,14,0,14,0,14,-1,0,13,0,13,0,-1,0,-1,8,9,10,11,12,11,10,9,8,0,0,7.0,0.0,8.0,2.0
1,2,3,4,5,4,3,2,1,-1,0,-1,0,6,6,0,-1,7,0,7,0,7,-1,0,7,0,7,0,-1,0,-1,14,0,14,0,14,0,14,0,14,-1,0,13,0,13,0,-1,0,-1,8,9,10,11,12,11,10,9,8,0,0,1,2,6,2,-666,11.73,0.0,0.0,0.0
1,2,3,4,5,4,3,2,1,-1,0,-1,0,6,0,6,0,-1,7,0,7,0,7,0,7,0,7,-1,0,-1,0,-1,14,0,14,0,14,0,14,0,14,-1,0,13,0,13,0,-1,0,-1,8,9,10,11,12,11,10,9,8,0,0,1,2,2,2,0.0,50.0,0.0,0.0
1,2,3,4,5,4,3,2,1,-1,0,-1,0,6,6,0,-1,7,0,7,0,7,0,7,-1,0,7,0,-1,0,-1,14,0,14,0,14,0,14,0,14,-1,0,13,0,13,0,-1,0,-1,8,9,10,11,12,11,10,9,8,0,0,6,3,6,4,0,50.0,0.0,0.0,0.0
1,2,3,4,5,4,3,0,1,-1,0,-1,0,6,6,2,0,-1,7,0,7,0,7,-1,0,7,0,7,0,-1,0,-1,14,0,14,0,14,0,14,0,14,-1,0,13,0,13,0,-1,0,-1,8,9,10,11,12,11,10,9,8,0,0,7,2,7,6,-915.0,5.88,0.0,0.0
1,0,3,0,5,4,3,0,-1,0,4,0,1,-1,0,2,0,6,6,2,0,-1,7,0,7,0,-1,0,7,0,7,0,7,-1,0,-1,14,0,14,0,14,0,14,0,14,-1,0,13,0,13,0,-1,0,-1,8,9,10,11,12,11,10,9,8,0,0,5.0,0.0,4.0,1.0
1,2,3,4,5,4,3,2,1,-1,0,-1,0,6,0,6,0,-1,7,0,7,0,7,0,7,0,7,-1,0,-1,0,-1,14,0,14,0,14,0,14,0,14,-1,0,13,0,13,0,-1,0,-1,8,9,10,11,12,11,10,9,8,0,0,1,2,3,2,1.0,50.08,0.0,0.0
1,0,3,4,5,4,3,0,1,-1,0,-1,0,2,0,6,6,2,0,-1,7,0,7,0,7,0,7,0,7,-1,0,-1,0,-1,14,0,14,0,14,0,14,0,14,-1,0,13,0,13,0,-1,0,-1,8,9,10,11,12,11,10,9,8,0,0,7,2,3.0,2.0,-969.0,5.04
0,3,0,5,4,3,0,-1,0,4,0,1,-1,1,0,2,0,6,6,2,0,-1,0,7,0,-1,7,0,7,0,7,0,7,-1,0,-1,14,0,14,0,14,0,14,0,14,-1,0,13,0,13,0,-1,0,-1,8,9,10,11,12,11,10,9,8,0,0,0.0,3.0,0.0,4.0
1,0,3,0,5,4,3,0,1,-1,0,4,0,-1,0,2,0,6,6,2,0,-1,7,0,7,0,7,0,7,-1,0,7,0,-1,0,-1,14,0,14,0,14,0,14,0,14,-1,0,13,0,13,0,-1,0,-1,8,9,10,11,12,11,10,9,8,0,0,2.0,3.0,2.0,4.0
1,0,3,0,5,4,3,0,-1,0,4,0,1,-1,0,2,0,6,6,2,0,-1,0,7,0,-1,7,0,7,0,7,0,7,-1,0,-1,14,0,14,0,14,0,14,0,14,-1,0,13,0,13,0,-1,0,-1,8,9,10,11,12,11,10,9,8,0,0,1.0,2.0,2.0,2.0
1,0,3,0,5,4,3,0,-1,0,4,0,1,-1,0,2,0,6,6,2,0,-1,7,0,7,0,7,0,7,-1,0,7,0,-1,0,-1,14,0,14,0,14,0,14,0,14,-1,0,13,0,13,0,-1,0,-1,8,9,10,11,12,11,10,9,8,0,0,8.0,0.0,8.0,2.0
1,0,3,4,5,4,3,0,1,-1,0,-1,0,2,0,6,6,2,0,-1,7,0,7,0,7,-1,0,7,0,7,0,-1,0,-1,14,0,14,0,14,0,14,0,14,-1,0,13,0,13,0,-1,0,-1,8,9,10,11,12,11,10,9,8,0,0,1,2,4.0,2.0,-744.0,9.5
0,3,0,5,4,3,0,-1,1,0,4,0,1,-1,0,2,0,6,6,2,0,-1,7,0,7,0,7,0,7,-1,0,7,0,-1,0,-1,14,0,14,0,14,0,14,0,14,-1,0,13,0,13,0,-1,0,-1,8,9,10,11,12,11,10,9,8,0,0,0.0,0.0,0.0,2.0
1,0,3,0,5,4,3,0,1,-1,0,4,0,-1,0,2,0,6,6,2,0,-1,0,7,0,-1,7,0,7,0,7,0,7,-1,0,-1,14,0,14,0,14,0,14,0,14,-1,0,13,0,13,0,-1,0,-1,8,9,10,11,12,11,10,9,8,0,0,1.0,2.0,1.0,8.0
1,2,3,4,5,4,3,2,1,-1,0,-1,0,6,6,0,-1,7,0,7,0,7,0,7,-1,0,7,0,-1,0,-1,14,0,14,0,14,0,14,0,14,-1,0,13,0,13,0,-1,0,-1,8,9,10,11,12,11,10,9,8,0,0,2,0,4,2,-275,30.29,0.0,0.0,0.0
1,2,3,4,5,4,3,2,1,-1,0,-1,0,6,0,6,0,-1,7,0,7,0,7,0,7,0,7,-1,0,-1,0,-1,14,0,14,0,14,0,14,0,14,-1,0,13,0,13,0,-1,0,-1,8,9,10,11,12,11,10,9,8,0,0,1,2,1,1,-50.0,46.22,0.0,0.0
1,0,3,4,0,4,3,0,-1,0,5,0,1,-1,0,2,0,6,6,2,0,-1,7,0,7,0,7,-1,0,7,0,7,0,-1,0,-1,14,0,14,0,14,0,14,0,14,-1,0,13,0,13,0,-1,0,-1,8,9,10,11,12,11,10,9,8,0,0,4.0,0.0,4.0,1.0
1,2,3,4,5,4,3,2,1,-1,0,-1,0,6,6,0,-1,7,0,7,0,7,0,7,-1,0,7,0,-1,0,-1,14,0,14,0,14,0,14,0,14,-1,0,13,0,13,0,-1,0,-1,8,9,10,11,12,11,10,9,8,0,0,1,2,5,2,-716,10.25,0.0,0.0,0.0
1,0,3,4,5,4,3,2,1,-1,0,-1,0,2,0,6,6,0,-1,7,0,7,0,7,-1,0,7,0,7,0,-1,0,-1,14,0,14,0,14,0,14,0,14,-1,0,13,0,13,0,-1,0,-1,8,9,10,11,12,11,10,9,8,0,0,1,0,2,2.0,0.0,50.0,0.0
1,0,3,4,5,0,3,0,1,-1,0,4,0,-1,0,2,0,6,6,2,0,-1,0,7,0,7,-1,7,0,7,0,7,0,-1,0,-1,14,0,14,0,14,0,14,0,14,-1,0,13,0,13,0,-1,0,-1,8,9,10,11,12,11,10,9,8,0,0,7.0,2.0,7.0,5.0
1,2,3,4,5,4,3,2,1,-1,0,-1,0,6,6,0,-1,7,0,7,0,7,0,7,-1,0,7,0,-1,0,-1,14,0,14,0,14,0,14,0,14,-1,0,13,0,13,0,-1,0,-1,8,9,10,11,12,11,10,9,8,0,0,6,0,4,2,-307,28.29,0.0,0.0,0.0
1,2,3,4,5,4,3,2,1,-1,0,-1,0,6,0,6,0,-1,7,0,7,0,7,0,7,0,7,-1,0,-1,0,-1,14,0,14,0,14,0,14,0,14,-1,0,13,0,13,0,-1,0,-1,8,9,10,11,12,11,10,9,8,0,0,8,0,8,2,-149.0,38.9,0.0,0.0
1,2,3,4,5,4,3,2,1,-1,0,-1,0,6,6,0,-1,7,0,7,0,7,-1,0,7,0,7,0,-1,0,-1,14,0,14,0,14,0,14,0,14,-1,0,13,0,13,0,-1,0,-1,8,9,10,11,12,11,10,9,8,0,0,6,0,4,2,-399,22.99,0.0,0.0,0.0
1,2,3,4,5,4,3,2,1,-1,0,-1,0,6,6,0,-1,7,0,7,0,7,0,7,-1,0,7,0,-1,0,-1,14,0,14,0,14,0,14,0,14,-1,0,13,0,13,0,-1,0,-1,8,9,10,11,12,11,10,9,8,0,0,1,2,0,2,-545,16.09,0.0,0.0,0.0
1,2,3,4,5,4,3,0,1,-1,0,-1,0,6,6,2,0,-1,7,0,7,0,7,-1,0,7,0,7,0,-1,0,-1,14,0,14,0,14,0,14,0,14,-1,0,13,0,13,0,-1,0,-1,8,9,10,11,12,11,10,9,8,0,0,0,3,0,4,-857.0,6.93,0.0,0.0
1,2,3,4,5,4,3,2,1,-1,0,-1,0,6,6,0,-1,7,0,7,0,7,0,7,0,7,-1,0,-1,0,-1,14,0,14,0,14,0,14,0,14,-1,0,13,0,13,0,-1,0,-1,8,9,10,11,12,11,10,9,8,0,0,3,0,4,1,-182,36.55,0.0,0.0,0.0
1,0,3,4,5,0,3,0,1,-1,0,4,0,-1,0,2,0,6,6,2,0,-1,0,7,-1,7,0,7,0,7,0,7,0,-1,0,-1,14,0,14,0,14,0,14,0,14,-1,0,13,0,13,0,-1,0,-1,8,9,10,11,12,11,10,9,8,0,0,4.0,3.0,4.0,4.0
1,2,3,4,5,4,3,2,1,-1,0,-1,0,6,6,0,-1,7,0,7,0,7,-1,0,7,0,7,0,-1,0,-1,14,0,14,0,14,0,14,0,14,-1,0,13,0,13,0,-1,0,-1,8,9,10,11,12,11,10,9,8,0,0,1,2,3,2,-694,10.88,0.0,0.0,0.0
1,2,3,4,5,4,3,2,1,-1,0,-1,0,6,0,6,0,-1,7,0,7,0,7,0,7,0,7,-1,0,-1,0,-1,14,0,14,0,14,0,14,0,14,-1,0,13,0,13,0,-1,0,-1,8,9,10,11,12,11,10,9,8,0,0,1,2,5,2,-53.0,45.99,0.0,0.0
1,2,3,4,5,4,3,0,1,-1,0,-1,0,6,6,2,0,-1,7,0,7,0,7,0,7,0,7,-1,0,-1,0,-1,14,0,14,0,14,0,14,0,14,-1,0,13,0,13,0,-1,0,-1,8,9,10,11,12,11,10,9,8,0,0,1,2,5,2,-821.0,7.67,0.0,0.0
0,3,4,5,0,3,0,-1,0,4,0,1,-1,1,0,2,0,6,6,2,0,-1,0,7,0,-1,7,0,7,0,7,0,7,-1,0,-1,14,0,14,0,14,0,14,0,14,-1,0,13,0,13,0,-1,0,-1,8,9,10,11,12,11,10,9,8,0,0,7.0,2.0,5.0,2.0
1,0,3,4,5,0,3,0,1,-1,0,4,0,-1,0,2,0,6,6,2,0,-1,7,0,7,0,7,-1,0,7,0,7,0,-1,0,-1,14,0,14,0,14,0,14,0,14,-1,0,13,0,13,0,-1,0,-1,8,9,10,11,12,11,10,9,8,0,0,7.0,2.0,8.0,2.0
1,2,3,4,5,4,3,2,1,-1,0,-1,0,6,0,6,0,-1,7,0,7,0,7,0,7,0,7,-1,0,-1,0,-1,14,0,14,0,14,0,14,0,14,-1,0,13,0,13,0,-1,0,-1,8,9,10,11,12,11,10,9,8,0,0,1,2,6,2,-56.0,45.77,0.0,0.0
1,2,3,4,5,4,3,2,1,-1,0,-1,0,6,0,6,0,-1,7,0,7,0,7,0,7,0,7,-1,0,-1,0,-1,14,0,14,0,14,0,14,0,14,-1,0,13,0,13,0,-1,0,-1,8,9,10,11,12,11,10,9,8,0,0,8,3,8,4,-83.0,43.75,0.0,0.0
0,3,0,5,4,0,-1,0,4,0,1,-1,1,0,2,0,6,6,2,0,3,-1,0,7,0,-1,7,0,7,0,7,0,7,-1,0,-1,14,0,14,0,14,0,14,0,14,-1,0,13,0,13,0,-1,0,-1,8,9,10,11,12,11,10,9,8,0,0,1.0,2.0,6.0,2.0
0,3,0,5,4,3,0,1,-1,1,0,4,0,-1,0,2,0,6,6,2,0,-1,7,0,7,0,7,0,7,-1,0,7,0,-1,0,-1,14,0,14,0,14,0,14,0,14,-1,0,13,0,13,0,-1,0,-1,8,9,10,11,12,11,10,9,8,0,0,1.0,2.0,1.0,8.0
0,3,0,5,4,3,0,-1,0,4,0,1,-1,1,0,2,0,6,6,2,0,-1,7,0,7,0,-1,0,7,0,7,0,7,-1,0,-1,14,0,14,0,14,0,14,0,14,-1,0,13,0,13,0,-1,0,-1,8,9,10,11,12,11,10,9,8,0,0,8.0,0.0,8.0,2.0
1,2,3,4,5,4,3,0,1,-1,0,-1,0,6,6,2,0,-1,7,0,7,0,7,-1,0,7,0,7,0,-1,0,-1,14,0,14,0,14,0,14,0,14,-1,0,13,0,13,0,-1,0,-1,8,9,10,11,12,11,10,9,8,0,0,1,2,3,2,-895.0,6.23,0.0,0.0
0,3,0,5,4,0,-1,0,4,0,1,-1,1,0,2,0,6,6,2,0,3,-1,0,7,0,-1,7,0,7,0,7,0,7,-1,0,-1,14,0,14,0,14,0,14,0,14,-1,0,13,0,13,0,-1,0,-1,8,9,10,11,12,11,10,9,8,0,0,7.0,2.0,8.0,2.0
1,2,3,4,5,4,3,2,1,-1,0,-1,0,6,0,6,0,-1,7,0,7,0,7,0,7,0,7,-1,0,-1,0,-1,14,0,14,0,14,0,14,0,14,-1,0,13,0,13,0,-1,0,-1,8,9,10,11,12,11,10,9,8,0,0,6,0,4,2,-79.0,44.04,0.0,0.0
1,0,3,0,5,4,3,0,1,-1,0,4,0,-1,0,2,0,6,6,2,0,-1,0,7,0,-1,7,0,7,0,7,0,7,-1,0,-1,14,0,14,0,14,0,14,0,14,-1,0,13,0,13,0,-1,0,-1,8,9,10,11,12,11,10,9,8,0,0,7.0,2.0,2.0,2.0
1,0,3,0,5,4,3,0,1,-1,0,4,0,-1,0,2,0,6,6,2,0,-1,7,0,7,0,7,0,7,0,7,-1,0,-1,0,-1,14,0,14,0,14,0,14,0,14,-1,0,13,0,13,0,-1,0,-1,8,9,10,11,12,11,10,9,8,0,0,7.0,2.0,7.0,6.0
1,2,3,4,5,4,3,2,1,-1,0,-1,0,6,6,0,-1,7,0,7,0,7,-1,0,7,0,7,0,-1,0,-1,14,0,14,0,14,0,14,0,14,-1,0,13,0,13,0,-1,0,-1,8,9,10,11,12,11,10,9,8,0,0,7,2,8,2,-625,13.08,0.0,0.0,0.0
1,0,3,4,5,4,3,0,1,-1,0,-1,0,2,0,6,6,2,0,-1,7,0,7,0,7,0,7,0,7,-1,0,-1,0,-1,14,0,14,0,14,0,14,0,14,-1,0,13,0,13,0,-1,0,-1,8,9,10,11,12,11,10,9,8,0,0,5,0,4.0,1.0,-404.0,22.72
1,2,3,4,5,4,3,2,1,-1,0,-1,0,6,6,0,-1,7,0,7,0,7,-1,0,7,0,7,0,-1,0,-1,14,0,14,0,14,0,14,0,14,-1,0,13,0,13,0,-1,0,-1,8,9,10,11,12,11,10,9,8,0,0,1,2,1,3,-439,20.91,0.0,0.0,0.0
0,5,4,0,-1,1,0,4,0,1,-1,3,0,2,0,6,6,2,0,3,-1,0,7,0,-1,7,0,7,0,7,0,7,-1,0,-1,14,0,14,0,14,0,14,0,14,-1,0,13,0,13,0,-1,0,-1,8,9,10,11,12,11,10,9,8,0,0,1,2.0,1.0,8.0,0.0
1,0,3,4,5,0,3,0,1,-1,0,4,0,-1,0,2,0,6,6,2,0,-1,7,0,7,0,7,-1,0,7,0,7,0,-1,0,-1,14,0,14,0,14,0,14,0,14,-1,0,13,0,13,0,-1,0,-1,8,9,10,11,12,11,10,9,8,0,0,7.0,2.0,6.0,2.0
1,0,3,4,5,0,3,0,1,-1,0,4,0,-1,0,2,0,6,6,2,0,-1,7,0,7,0,7,0,7,0,7,-1,0,-1,0,-1,14,0,14,0,14,0,14,0,14,-1,0,13,0,13,0,-1,0,-1,8,9,10,11,12,11,10,9,8,0,0,5.0,0.0,4.0,1.0
1,0,3,4,5,0,3,0,1,-1,0,4,0,-1,0,2,0,6,6,2,0,-1,0,7,0,7,-1,7,0,7,0,7,0,-1,0,-1,14,0,14,0,14,0,14,0,14,-1,0,13,0,13,0,-1,0,-1,8,9,10,11,12,11,10,9,8,0,0,7.0,2.0,7.0,8.0
1,2,3,4,5,4,3,2,1,-1,0,-1,0,6,6,0,-1,7,0,7,0,7,0,7,0,7,-1,0,-1,0,-1,14,0,14,0,14,0,14,0,14,-1,0,13,0,13,0,-1,0,-1,8,9,10,11,12,11,10,9,8,0,0,1,2,0,2,-610,13.61,0.0,0.0,0.0
1,0,5,4,0,-1,0,4,0,1,-1,3,0,2,0,6,6,2,0,3,-1,0,-1,7,0,7,0,7,0,7,0,7,-1,0,-1,14,0,14,0,14,0,14,0,14,-1,0,13,0,13,0,-1,0,-1,8,9,10,11,12,11,10,9,8,0,0,4,3.0,4.0,4.0,0.0
0,3,4,5,0,3,0,-1,0,4,0,1,-1,1,0,2,0,6,6,2,0,-1,0,7,0,7,0,7,-1,7,0,7,0,-1,0,-1,14,0,14,0,14,0,14,0,14,-1,0,13,0,13,0,-1,0,-1,8,9,10,11,12,11,10,9,8,0,0,1.0,0.0,0.0,2.0
0,3,0,5,4,3,0,1,-1,1,0,4,0,-1,0,2,0,6,6,2,0,-1,7,0,7,0,7,-1,0,7,0,7,0,-1,0,-1,14,0,14,0,14,0,14,0,14,-1,0,13,0,13,0,-1,0,-1,8,9,10,11,12,11,10,9,8,0,0,2.0,0.0,4.0,2.0
1,0,3,4,5,4,3,0,1,-1,0,-1,0,2,0,6,6,2,0,-1,7,0,7,0,7,0,7,0,7,-1,0,-1,0,-1,14,0,14,0,14,0,14,0,14,-1,0,13,0,13,0,-1,0,-1,8,9,10,11,12,11,10,9,8,0,0,6,0,4.0,2.0,-481.0,18.88
1,0,3,4,5,4,3,0,1,-1,0,-1,0,2,0,6,6,2,0,-1,7,0,7,0,7,0,7,0,7,-1,0,-1,0,-1,14,0,14,0,14,0,14,0,14,-1,0,13,0,13,0,-1,0,-1,8,9,10,11,12,11,10,9,8,0,0,0,0,0.0,1.0,-847.0,7.13
1,2,3,4,5,4,3,2,1,-1,0,-1,0,6,6,0,-1,7,0,7,0,7,0,7,-1,0,7,0,-1,0,-1,14,0,14,0,14,0,14,0,14,-1,0,13,0,13,0,-1,0,-1,8,9,10,11,12,11,10,9,8,0,0,1,2,4,2,-292,29.22,0.0,0.0,0.0
1,0,3,4,5,4,3,0,1,-1,0,-1,0,2,0,6,6,2,0,-1,7,0,7,0,7,0,7,0,7,-1,0,-1,0,-1,14,0,14,0,14,0,14,0,14,-1,0,13,0,13,0,-1,0,-1,8,9,10,11,12,11,10,9,8,0,0,7,0,8.0,2.0,-813.0,7.84
1,2,3,4,5,4,3,0,1,-1,0,-1,0,6,6,2,0,-1,7,0,7,0,7,0,7,0,7,-1,0,-1,0,-1,14,0,14,0,14,0,14,0,14,-1,0,13,0,13,0,-1,0,-1,8,9,10,11,12,11,10,9,8,0,0,7,2,7,3,-837.0,7.33,0.0,0.0
1,0,3,4,5,4,3,0,1,-1,0,-1,0,2,0,6,6,2,0,-1,7,0,7,0,7,-1,0,7,0,7,0,-1,0,-1,14,0,14,0,14,0,14,0,14,-1,0,13,0,13,0,-1,0,-1,8,9,10,11,12,11,10,9,8,0,0,1,2,3.0,2.0,-1357.0,1.61
1,0,3,0,5,4,3,0,1,-1,0,4,0,-1,0,2,0,6,6,2,0,-1,7,0,7,0,7,0,7,0,7,-1,0,-1,0,-1,14,0,14,0,14,0,14,0,14,-1,0,13,0,13,0,-1,0,-1,8,9,10,11,12,11,10,9,8,0,0,6.0,0.0,4.0,2.0
1,0,3,0,5,4,3,0,1,-1,0,4,0,-1,0,2,0,6,6,2,0,-1,7,0,7,0,7,0,7,0,7,-1,0,-1,0,-1,14,0,14,0,14,0,14,0,14,-1,0,13,0,13,0,-1,0,-1,8,9,10,11,12,11,10,9,8,0,0,7.0,2.0,4.0,2.0
1,2,3,4,5,4,3,0,1,-1,0,-1,0,6,6,2,0,-1,7,0,7,0,7,0,7,0,7,-1,0,-1,0,-1,14,0,14,0,14,0,14,0,14,-1,0,13,0,13,0,-1,0,-1,8,9,10,11,12,11,10,9,8,0,0,1,2,3,2,-758.0,9.14,0.0,0.0
1,2,3,4,5,4,3,0,1,-1,0,-1,0,6,6,2,0,-1,7,0,7,0,7,0,7,0,7,-1,0,-1,0,-1,14,0,14,0,14,0,14,0,14,-1,0,13,0,13,0,-1,0,-1,8,9,10,11,12,11,10,9,8,0,0,7,2,4,2,-382.0,23.91,0.0,0.0
1,0,3,0,5,4,3,0,1,-1,0,4,0,-1,0,2,0,6,6,2,0,-1,0,7,0,-1,7,0,7,0,7,0,7,-1,0,-1,14,0,14,0,14,0,14,0,14,-1,0,13,0,13,0,-1,0,-1,8,9,10,11,12,11,10,9,8,0,0,7.0,2.0,7.0,3.0
1,0,3,4,5,4,3,2,1,-1,0,-1,0,2,0,6,6,0,-1,7,0,7,0,7,-1,0,7,0,7,0,-1,0,-1,14,0,14,0,14,0,14,0,14,-1,0,13,0,13,0,-1,0,-1,8,9,10,11,12,11,10,9,8,0,0,1,2,4,2.0,-539.0,16.34,0.0
1,2,3,4,5,4,3,2,1,-1,0,-1,0,6,6,0,-1,7,0,7,0,7,0,7,0,7,-1,0,-1,0,-1,14,0,14,0,14,0,14,0,14,-1,0,13,0,13,0,-1,0,-1,8,9,10,11,12,11,10,9,8,0,0,7,2,6,2,-747,9.42,0.0,0.0,0.0
1,2,3,4,5,4,3,0,1,-1,0,-1,0,6,6,2,0,-1,7,0,7,0,7,-1,0,7,0,7,0,-1,0,-1,14,0,14,0,14,0,14,0,14,-1,0,13,0,13,0,-1,0,-1,8,9,10,11,12,11,10,9,8,0,0,1,0,0,2,-879.0,6.52,0.0,0.0
1,0,3,4,5,4,3,2,1,-1,0,-1,0,2,0,6,6,0,-1,7,0,7,0,7,-1,0,7,0,7,0,-1,0,-1,14,0,14,0,14,0,14,0,14,-1,0,13,0,13,0,-1,0,-1,8,9,10,11,12,11,10,9,8,0,0,7,2,7,3.0,-682.0,11.24,0.0
1,0,3,4,5,4,3,0,1,-1,0,-1,0,2,0,6,6,2,0,-1,7,0,7,0,7,-1,0,7,0,7,0,-1,0,-1,14,0,14,0,14,0,14,0,14,-1,0,13,0,13,0,-1,0,-1,8,9,10,11,12,11,10,9,8,0,0,1,2,0.0,2.0,0.0,50.0
0,3,0,5,4,3,0,1,-1,1,0,4,0,-1,0,2,0,6,6,2,0,-1,7,0,7,-1,0,7,0,7,0,7,0,-1,0,-1,14,0,14,0,14,0,14,0,14,-1,0,13,0,13,0,-1,0,-1,8,9,10,11,12,11,10,9,8,0,0,4.0,3.0,4.0,4.0
1,2,3,4,5,4,3,2,1,-1,0,-1,0,6,6,0,-1,7,0,7,0,7,0,7,0,7,-1,0,-1,0,-1,14,0,14,0,14,0,14,0,14,-1,0,13,0,13,0,-1,0,-1,8,9,10,11,12,11,10,9,8,0,0,1,2,1,6,-723,10.06,0.0,0.0,0.0
0,5,4,0,-1,1,0,4,0,1,-1,3,0,2,0,6,6,2,0,3,-1,0,-1,7,0,7,0,7,0,7,0,7,-1,0,-1,14,0,14,0,14,0,14,0,14,-1,0,13,0,13,0,-1,0,-1,8,9,10,11,12,11,10,9,8,0,0,0,0.0,0.0,2.0,0.0
1,0,3,4,5,0,1,-1,0,4,0,-1,0,2,0,6,6,2,0,3,-1,7,0,7,0,7,-1,0,7,0,7,0,-1,0,-1,14,0,14,0,14,0,14,0,14,-1,0,13,0,13,0,-1,0,-1,8,9,10,11,12,11,10,9,8,0,0,2,0.0,4.0,2.0,-566.0
1,0,3,4,5,4,3,0,1,-1,0,-1,0,2,0,6,6,2,0,-1,7,0,7,0,7,0,7,0,7,-1,0,-1,0,-1,14,0,14,0,14,0,14,0,14,-1,0,13,0,13,0,-1,0,-1,8,9,10,11,12,11,10,9,8,0,0,0,3,0.0,4.0,-822.0,7.65
0,3,4,5,0,3,0,1,-1,0,4,0,-1,1,0,2,0,6,6,2,0,-1,0,7,0,7,0,7,-1,7,0,7,0,-1,0,-1,14,0,14,0,14,0,14,0,14,-1,0,13,0,13,0,-1,0,-1,8,9,10,11,12,11,10,9,8,0,0,0.0,3.0,0.0,4.0
1,2,3,4,5,4,3,0,1,-1,0,-1,0,6,6,2,0,-1,7,0,7,0,7,-1,0,7,0,7,0,-1,0,-1,14,0,14,0,14,0,14,0,14,-1,0,13,0,13,0,-1,0,-1,8,9,10,11,12,11,10,9,8,0,0,7,2,5,2,-936.0,5.54,0.0,0.0
1,2,3,4,5,4,3,0,1,-1,0,-1,0,6,6,2,0,-1,7,0,7,0,7,0,7,0,7,-1,0,-1,0,-1,14,0,14,0,14,0,14,0,14,-1,0,13,0,13,0,-1,0,-1,8,9,10,11,12,11,10,9,8,0,0,0,0,0,1,-688.0,11.06,0.0,0.0
1,2,3,4,5,4,3,2,1,-1,0,-1,0,6,0,6,0,-1,7,0,7,0,7,0,7,0,7,-1,0,-1,0,-1,14,0,14,0,14,0,14,0,14,-1,0,13,0,13,0,-1,0,-1,8,9,10,11,12,11,10,9,8,0,0,7,2,8,2,1.0,50.08,0.0,0.0
1,2,3,4,5,4,3,0,1,-1,0,-1,0,6,6,2,0,-1,7,0,7,0,7,0,7,0,7,-1,0,-1,0,-1,14,0,14,0,14,0,14,0,14,-1,0,13,0,13,0,-1,0,-1,8,9,10,11,12,11,10,9,8,0,0,4,3,4,4,-1034.0,4.18,0.0,0.0
1,2,3,4,5,4,3,2,1,-1,0,-1,0,6,0,6,0,-1,7,0,7,0,7,0,7,0,7,-1,0,-1,0,-1,14,0,14,0,14,0,14,0,14,-1,0,13,0,13,0,-1,0,-1,8,9,10,11,12,11,10,9,8,0,0,0,0,0,2,-149.0,38.9,0.0,0.0
0,3,0,5,4,0,-1,0,4,0,1,-1,1,0,2,0,6,6,2,0,3,-1,0,7,0,-1,7,0,7,0,7,0,7,-1,0,-1,14,0,14,0,14,0,14,0,14,-1,0,13,0,13,0,-1,0,-1,8,9,10,11,12,11,10,9,8,0,0,7.0,2.0,7.0,8.0
0,3,0,5,4,3,0,1,-1,1,0,4,0,-1,0,2,0,6,6,2,0,-1,7,0,7,0,7,-1,0,7,0,7,0,-1,0,-1,14,0,14,0,14,0,14,0,14,-1,0,13,0,13,0,-1,0,-1,8,9,10,11,12,11,10,9,8,0,0,7.0,2.0,7.0,6.0
1,2,3,4,5,4,3,2,1,-1,0,-1,0,6,6,0,-1,7,0,7,0,7,0,7,-1,0,7,0,-1,0,-1,14,0,14,0,14,0,14,0,14,-1,0,13,0,13,0,-1,0,-1,8,9,10,11,12,11,10,9,8,0,0,7,2,3,2,-659,11.95,0.0,0.0,0.0
0,3,0,5,4,0,-1,1,0,4,0,1,-1,0,2,0,6,6,2,0,3,-1,0,7,0,-1,7,0,7,0,7,0,7,-1,0,-1,14,0,14,0,14,0,14,0,14,-1,0,13,0,13,0,-1,0,-1,8,9,10,11,12,11,10,9,8,0,0,7.0,2.0,7.0,5.0
1,2,3,4,5,4,3,0,1,-1,0,-1,0,6,6,2,0,-1,7,0,7,0,7,0,7,0,7,-1,0,-1,0,-1,14,0,14,0,14,0,14,0,14,-1,0,13,0,13,0,-1,0,-1,8,9,10,11,12,11,10,9,8,0,0,1,0,2,2,-324.0,27.25,0.0,0.0
1,2,3,4,5,4,3,0,1,-1,0,-1,0,6,6,2,0,-1,7,0,7,0,7,0,7,0,7,-1,0,-1,0,-1,14,0,14,0,14,0,14,0,14,-1,0,13,0,13,0,-1,0,-1,8,9,10,11,12,11,10,9,8,0,0,1,2,1,3,-377.0,24.19,0.0,0.0
1,0,3,4,5,0,3,0,1,-1,0,4,0,-1,0,2,0,6,6,2,0,-1,0,7,0,7,-1,7,0,7,0,7,0,-1,0,-1,14,0,14,0,14,0,14,0,14,-1,0,13,0,13,0,-1,0,-1,8,9,10,11,12,11,10,9,8,0,0,1.0,2.0,1.0,6.0
1,0,3,4,5,4,3,0,1,-1,0,-1,0,2,0,6,6,2,0,-1,7,0,7,0,7,-1,0,7,0,7,0,-1,0,-1,14,0,14,0,14,0,14,0,14,-1,0,13,0,13,0,-1,0,-1,8,9,10,11,12,11,10,9,8,0,0,7,0,8.0,2.0,0.0,50.0
1,0,3,4,5,4,3,2,1,-1,0,-1,0,2,0,6,6,0,-1,7,0,7,0,7,-1,0,7,0,7,0,-1,0,-1,14,0,14,0,14,0,14,0,14,-1,0,13,0,13,0,-1,0,-1,8,9,10,11,12,11,10,9,8,0,0,2,0,4,2.0,-410.0,22.4,0.0
0,3,4,5,0,3,0,-1,0,4,0,1,-1,1,0,2,0,6,6,2,0,-1,0,7,0,7,0,7,-1,7,0,7,0,-1,0,-1,14,0,14,0,14,0,14,0,14,-1,0,13,0,13,0,-1,0,-1,8,9,10,11,12,11,10,9,8,0,0,1.0,2.0,1.0,7.0
0,3,4,5,0,3,0,-1,0,4,0,1,-1,1,0,2,0,6,6,2,0,-1,0,7,0,-1,7,0,7,0,7,0,7,-1,0,-1,14,0,14,0,14,0,14,0,14,-1,0,13,0,13,0,-1,0,-1,8,9,10,11,12,11,10,9,8,0,0,1.0,2.0,2.0,2.0
1,2,3,4,5,4,3,2,1,-1,0,-1,0,6,0,6,0,-1,7,0,7,0,7,0,7,0,7,-1,0,-1,0,-1,14,0,14,0,14,0,14,0,14,-1,0,13,0,13,0,-1,0,-1,8,9,10,11,12,11,10,9,8,0,0,7,2,7,5,-227.0,33.45,0.0,0.0
1,2,3,4,5,4,3,2,1,-1,0,-1,0,6,6,0,-1,7,0,7,0,7,0,7,-1,0,7,0,-1,0,-1,14,0,14,0,14,0,14,0,14,-1,0,13,0,13,0,-1,0,-1,8,9,10,11,12,11,10,9,8,0,0,7,2,7,6,-702,10.65,0.0,0.0,0.0
1,2,3,4,5,4,3,2,1,-1,0,-1,0,6,0,6,0,-1,7,0,7,0,7,0,7,0,7,-1,0,-1,0,-1,14,0,14,0,14,0,14,0,14,-1,0,13,0,13,0,-1,0,-1,8,9,10,11,12,11,10,9,8,0,0,6,3,6,4,-1.0,49.92,0.0,0.0
0,3,0,5,4,3,0,-1,1,0,4,0,1,-1,0,2,0,6,6,2,0,-1,0,7,0,-1,7,0,7,0,7,0,7,-1,0,-1,14,0,14,0,14,0,14,0,14,-1,0,13,0,13,0,-1,0,-1,8,9,10,11,12,11,10,9,8,0,0,7.0,2.0,2.0,2.0
1,0,3,4,5,4,3,0,1,-1,0,-1,0,2,0,6,6,2,0,-1,7,0,7,0,7,0,7,0,7,-1,0,-1,0,-1,14,0,14,0,14,0,14,0,14,-1,0,13,0,13,0,-1,0,-1,8,9,10,11,12,11,10,9,8,0,0,1,2,1.0,4.0,-755.0,9.21
1,2,3,4,5,4,3,2,1,-1,0,-1,0,6,6,0,-1,7,0,7,0,7,0,7,0,7,-1,0,-1,0,-1,14,0,14,0,14,0,14,0,14,-1,0,13,0,13,0,-1,0,-1,8,9,10,11,12,11,10,9,8,0,0,4,3,4,4,-1148,2.99,0.0,0.0,0.0
0,3,0,5,4,3,0,1,-1,1,0,4,0,-1,0,2,0,6,6,2,0,-1,7,0,7,0,7,-1,0,7,0,7,0,-1,0,-1,14,0,14,0,14,0,14,0,14,-1,0,13,0,13,0,-1,0,-1,8,9,10,11,12,11,10,9,8,0,0,4.0,0.0,4.0,1.0
0,3,0,5,4,3,0,-1,0,4,0,1,-1,1,0,2,0,6,6,2,0,-1,7,0,7,0,-1,0,7,0,7,0,7,-1,0,-1,14,0,14,0,14,0,14,0,14,-1,0,13,0,13,0,-1,0,-1,8,9,10,11,12,11,10,9,8,0,0,8.0,3.0,8.0,4.0
1,2,3,4,5,4,3,0,1,-1,0,-1,0,6,6,2,0,-1,7,0,7,0,7,0,7,0,7,-1,0,-1,0,-1,14,0,14,0,14,0,14,0,14,-1,0,13,0,13,0,-1,0,-1,8,9,10,11,12,11,10,9,8,0,0,7,2,5,2,-798.0,8.18,0.0,0.0
0,3,0,5,4,0,-1,0,4,0,1,-1,1,0,2,0,6,6,2,0,3,-1,0,7,0,-1,7,0,7,0,7,0,7,-1,0,-1,14,0,14,0,14,0,14,0,14,-1,0,13,0,13,0,-1,0,-1,8,9,10,11,12,11,10,9,8,0,0,7.0,2.0,7.0,1.0
1,2,3,4,5,4,3,0,1,-1,0,-1,0,6,6,2,0,-1,7,0,7,0,7,-1,0,7,0,7,0,-1,0,-1,14,0,14,0,14,0,14,0,14,-1,0,13,0,13,0,-1,0,-1,8,9,10,11,12,11,10,9,8,0,0,5,0,4,1,-486.0,18.65,0.0,0.0
1,2,3,4,5,4,3,2,1,-1,0,-1,0,6,6,0,-1,7,0,7,0,7,0,7,-1,0,7,0,-1,0,-1,14,0,14,0,14,0,14,0,14,-1,0,13,0,13,0,-1,0,-1,8,9,10,11,12,11,10,9,8,0,0,1,2,1,7,-760,9.09,0.0,0.0,0.0
1,2,3,4,5,4,3,2,1,-1,0,-1,0,6,0,6,0,-1,7,0,7,0,7,0,7,0,7,-1,0,-1,0,-1,14,0,14,0,14,0,14,0,14,-1,0,13,0,13,0,-1,0,-1,8,9,10,11,12,11,10,9,8,0,0,0,3,0,4,-109.0,41.82,0.0,0.0
1,0,3,4,5,0,3,0,1,-1,0,4,0,-1,0,2,0,6,6,2,0,-1,7,0,7,0,7,-1,0,7,0,7,0,-1,0,-1,14,0,14,0,14,0,14,0,14,-1,0,13,0,13,0,-1,0,-1,8,9,10,11,12,11,10,9,8,0,0,7.0,2.0,5.0,2.0
1,2,3,4,5,4,3,2,1,-1,0,-1,0,6,0,6,0,-1,7,0,7,0,7,0,7,0,7,-1,0,-1,0,-1,14,0,14,0,14,0,14,0,14,-1,0,13,0,13,0,-1,0,-1,8,9,10,11,12,11,10,9,8,0,0,1,2,1,3,-202.0,35.16,0.0,0.0
1,2,3,4,5,4,3,2,1,-1,0,-1,0,6,0,6,0,-1,7,0,7,0,7,0,7,0,7,-1,0,-1,0,-1,14,0,14,0,14,0,14,0,14,-1,0,13,0,13,0,-1,0,-1,8,9,10,11,12,11,10,9,8,0,0,0,0,0,1,-175.0,37.04,0.0,0.0
1,0,3,4,5,4,3,2,1,-1,0,-1,0,2,0,6,6,0,-1,7,0,7,0,7,-1,0,7,0,7,0,-1,0,-1,14,0,14,0,14,0,14,0,14,-1,0,13,0,13,0,-1,0,-1,8,9,10,11,12,11,10,9,8,0,0,7,2,5,2.0,-905.0,6.05,0.0
1,0,3,0,5,4,3,0,1,-1,0,4,0,-1,0,2,0,6,6,2,0,-1,7,0,7,0,7,0,7,0,7,-1,0,-1,0,-1,14,0,14,0,14,0,14,0,14,-1,0,13,0,13,0,-1,0,-1,8,9,10,11,12,11,10,9,8,0,0,1.0,2.0,1.0,3.0
1,0,3,4,5,4,3,0,1,-1,0,-1,0,2,0,6,6,2,0,-1,7,0,7,0,7,0,7,0,7,-1,0,-1,0,-1,14,0,14,0,14,0,14,0,14,-1,0,13,0,13,0,-1,0,-1,8,9,10,11,12,11,10,9,8,0,0,1,0,2.0,2.0,0.0,50.0
1,0,3,4,5,4,3,0,1,-1,0,-1,0,2,0,6,6,2,0,-1,7,0,7,0,7,0,7,0,7,-1,0,-1,0,-1,14,0,14,0,14,0,14,0,14,-1,0,13,0,13,0,-1,0,-1,8,9,10,11,12,11,10,9,8,0,0,2,3,2.0,4.0,-853.0,7.01
0,5,4,0,-1,1,0,4,0,1,-1,3,0,2,0,6,6,2,0,3,-1,0,7,0,-1,7,0,7,0,7,0,7,-1,0,-1,14,0,14,0,14,0,14,0,14,-1,0,13,0,13,0,-1,0,-1,8,9,10,11,12,11,10,9,8,0,0,7,2.0,7.0,6.0,0.0
1,0,3,4,5,0,1,-1,0,4,0,-1,0,2,0,6,6,2,0,3,-1,7,0,7,0,7,-1,0,7,0,7,0,-1,0,-1,14,0,14,0,14,0,14,0,14,-1,0,13,0,13,0,-1,0,-1,8,9,10,11,12,11,10,9,8,0,0,6,0.0,8.0,2.0,0.0
1,0,3,4,5,0,3,2,1,-1,0,4,0,-1,0,2,0,6,6,0,-1,7,0,7,0,7,0,7,-1,0,7,0,-1,0,-1,14,0,14,0,14,0,14,0,14,-1,0,13,0,13,0,-1,0,-1,8,9,10,11,12,11,10,9,8,0,0,5,0.0,4.0,1.0,0.0
0,3,0,5,4,3,0,1,-1,1,0,4,0,-1,0,2,0,6,6,2,0,-1,7,0,7,0,7,-1,0,7,0,7,0,-1,0,-1,14,0,14,0,14,0,14,0,14,-1,0,13,0,13,0,-1,0,-1,8,9,10,11,12,11,10,9,8,0,0,7.0,2.0,7.0,4.0
0,3,0,5,4,3,0,1,-1,1,0,4,0,-1,0,2,0,6,6,2,0,-1,7,0,7,0,7,-1,0,7,0,7,0,-1,0,-1,14,0,14,0,14,0,14,0,14,-1,0,13,0,13,0,-1,0,-1,8,9,10,11,12,11,10,9,8,0,0,7.0,2.0,6.0,2.0
1,2,3,0,5,4,3,0,1,-1,0,4,0,-1,0,6,6,2,0,-1,7,0,7,0,7,0,7,0,7,-1,0,-1,0,-1,14,0,14,0,14,0,14,0,14,-1,0,13,0,13,0,-1,0,-1,8,9,10,11,12,11,10,9,8,0,0,3,0,4.0,1.0,0.0,50.0
1,0,3,0,5,4,3,0,-1,0,4,0,1,-1,0,2,0,6,6,2,0,-1,0,7,0,-1,7,0,7,0,7,0,7,-1,0,-1,14,0,14,0,14,0,14,0,14,-1,0,13,0,13,0,-1,0,-1,8,9,10,11,12,11,10,9,8,0,0,1.0,2.0,1.0,4.0
1,2,3,4,5,4,3,0,1,-1,0,-1,0,6,6,2,0,-1,7,0,7,0,7,0,7,0,7,-1,0,-1,0,-1,14,0,14,0,14,0,14,0,14,-1,0,13,0,13,0,-1,0,-1,8,9,10,11,12,11,10,9,8,0,0,6,0,4,2,-311.0,28.04,0.0,0.0
1,0,3,4,5,4,3,2,1,-1,0,-1,0,2,0,6,6,0,-1,7,0,7,0,7,0,7,-1,0,7,0,-1,0,-1,14,0,14,0,14,0,14,0,14,-1,0,13,0,13,0,-1,0,-1,8,9,10,11,12,11,10,9,8,0,0,1,2,1,6.0,-932.0,5.6,0.0
1,0,3,0,5,4,3,0,1,-1,0,4,0,-1,0,2,0,6,6,2,0,-1,7,0,7,0,7,0,7,0,7,-1,0,-1,0,-1,14,0,14,0,14,0,14,0,14,-1,0,13,0,13,0,-1,0,-1,8,9,10,11,12,11,10,9,8,0,0,1.0,2.0,1.0,8.0
1,0,3,0,5,4,3,2,1,-1,0,4,0,-1,0,2,0,6,6,0,-1,7,0,7,0,7,0,7,-1,0,7,0,-1,0,-1,14,0,14,0,14,0,14,0,14,-1,0,13,0,13,0,-1,0,-1,8,9,10,11,12,11,10,9,8,0,0,7,2.0,4.0,2.0,-620.0
1,2,3,4,5,0,3,0,1,-1,0,4,0,-1,0,6,6,2,0,-1,7,0,7,0,7,-1,0,7,0,7,0,-1,0,-1,14,0,14,0,14,0,14,0,14,-1,0,13,0,13,0,-1,0,-1,8,9,10,11,12,11,10,9,8,0,0,7,0,6.0,2.0,0.0,50.0
1,0,3,4,5,4,3,2,1,-1,0,-1,0,2,0,6,6,0,-1,7,0,7,0,7,-1,0,7,0,7,0,-1,0,-1,14,0,14,0,14,0,14,0,14,-1,0,13,0,13,0,-1,0,-1,8,9,10,11,12,11,10,9,8,0,0,1,2,1,4.0,-870.0,6.68,0.0
1,2,3,4,5,4,3,2,1,-1,0,-1,0,6,0,6,0,-1,7,0,7,0,7,0,7,0,7,-1,0,-1,0,-1,14,0,14,0,14,0,14,0,14,-1,0,13,0,13,0,-1,0,-1,8,9,10,11,12,11,10,9,8,0,0,1,2,3,2,-53.0,45.99,0.0,0.0
0,3,0,5,4,3,0,1,-1,1,0,4,0,-1,0,2,0,6,6,2,0,-1,7,0,7,0,7,-1,0,7,0,7,0,-1,0,-1,14,0,14,0,14,0,14,0,14,-1,0,13,0,13,0,-1,0,-1,8,9,10,11,12,11,10,9,8,0,0,1.0,2.0,1.0,6.0
1,2,3,4,5,4,3,0,1,-1,0,-1,0,6,6,2,0,-1,7,0,7,0,7,-1,0,7,0,7,0,-1,0,-1,14,0,14,0,14,0,14,0,14,-1,0,13,0,13,0,-1,0,-1,8,9,10,11,12,11,10,9,8,0,0,1,0,2,2,-530.0,16.71,0.0,0.0
1,0,3,4,5,0,3,0,1,-1,0,4,0,-1,0,2,0,6,6,2,0,-1,7,0,7,0,7,-1,0,7,0,7,0,-1,0,-1,14,0,14,0,14,0,14,0,14,-1,0,13,0,13,0,-1,0,-1,8,9,10,11,12,11,10,9,8,0,0,1.0,2.0,6.0,2.0
1,0,3,0,5,4,3,0,1,-1,0,4,0,-1,0,2,0,6,6,2,0,-1,7,0,7,0,7,0,7,-1,0,7,0,-1,0,-1,14,0,14,0,14,0,14,0,14,-1,0,13,0,13,0,-1,0,-1,8,9,10,11,12,11,10,9,8,0,0,7.0,2.0,8.0,2.0
0,3,0,5,4,3,0,-1,1,0,4,0,1,-1,0,2,0,6,6,2,0,-1,0,7,0,7,-1,7,0,7,0,7,0,-1,0,-1,14,0,14,0,14,0,14,0,14,-1,0,13,0,13,0,-1,0,-1,8,9,10,11,12,11,10,9,8,0,0,7.0,2.0,7.0,4.0
1,2,3,4,5,4,3,2,1,-1,0,-1,0,6,6,0,-1,7,0,7,0,7,0,7,0,7,-1,0,-1,0,-1,14,0,14,0,14,0,14,0,14,-1,0,13,0,13,0,-1,0,-1,8,9,10,11,12,11,10,9,8,0,0,1,2,2,2,-708,10.48,0.0,0.0,0.0
1,0,3,4,5,4,3,2,1,-1,0,-1,0,2,0,6,6,0,-1,7,0,7,0,7,-1,0,7,0,7,0,-1,0,-1,14,0,14,0,14,0,14,0,14,-1,0,13,0,13,0,-1,0,-1,8,9,10,11,12,11,10,9,8,0,0,1,2,0,2.0,-849.0,7.09,0.0
1,2,3,4,5,0,3,2,1,-1,0,4,0,-1,0,6,6,0,-1,7,0,7,0,7,-1,0,7,0,7,0,-1,0,-1,14,0,14,0,14,0,14,0,14,-1,0,13,0,13,0,-1,0,-1,8,9,10,11,12,11,10,9,8,0,0,6,0,4,2.0,0.0,50.0,0.0
1,0,3,4,5,0,1,-1,0,4,0,-1,0,2,0,6,6,2,0,3,-1,7,0,7,0,7,-1,0,7,0,7,0,-1,0,-1,14,0,14,0,14,0,14,0,14,-1,0,13,0,13,0,-1,0,-1,8,9,10,11,12,11,10,9,8,0,0,7,2.0,7.0,6.0,0.0
0,3,0,5,4,0,-1,0,4,0,1,-1,1,0,2,0,6,6,2,0,3,-1,0,7,0,-1,7,0,7,0,7,0,7,-1,0,-1,14,0,14,0,14,0,14,0,14,-1,0,13,0,13,0,-1,0,-1,8,9,10,11,12,11,10,9,8,0,0,1.0,2.0,1.0,5.0
1,2,3,4,5,4,3,2,1,-1,0,-1,0,6,6,0,-1,7,0,7,0,7,0,7,-1,0,7,0,-1,0,-1,14,0,14,0,14,0,14,0,14,-1,0,13,0,13,0,-1,0,-1,8,9,10,11,12,11,10,9,8,0,0,7,2,5,2,-605,13.78,0.0,0.0,0.0
1,2,3,4,5,4,3,0,1,-1,0,-1,0,6,6,2,0,-1,7,0,7,0,7,0,7,0,7,-1,0,-1,0,-1,14,0,14,0,14,0,14,0,14,-1,0,13,0,13,0,-1,0,-1,8,9,10,11,12,11,10,9,8,0,0,7,0,6,2,0.0,50.0,0.0,0.0
1,2,3,4,5,4,3,2,1,-1,0,-1,0,6,0,6,0,-1,7,0,7,0,7,0,7,0,7,-1,0,-1,0,-1,14,0,14,0,14,0,14,0,14,-1,0,13,0,13,0,-1,0,-1,8,9,10,11,12,11,10,9,8,0,0,2,0,0,2,-189.0,36.06,0.0,0.0
1,0,3,4,5,4,3,2,1,-1,0,-1,0,2,0,6,6,0,-1,7,0,7,0,7,-1,0,7,0,7,0,-1,0,-1,14,0,14,0,14,0,14,0,14,-1,0,13,0,13,0,-1,0,-1,8,9,10,11,12,11,10,9,8,0,0,7,2,7,4.0,-951.0,5.31,0.0
1,2,3,4,5,4,3,2,1,-1,0,-1,0,6,6,0,-1,7,0,7,0,7,0,7,0,7,-1,0,-1,0,-1,14,0,14,0,14,0,14,0,14,-1,0,13,0,13,0,-1,0,-1,8,9,10,11,12,11,10,9,8,0,0,7,2,7,6,-723,10.06,0.0,0.0,0.0
1,2,3,4,5,4,3,0,1,-1,0,-1,0,6,6,2,0,-1,7,0,7,0,7,-1,0,7,0,7,0,-1,0,-1,14,0,14,0,14,0,14,0,14,-1,0,13,0,13,0,-1,0,-1,8,9,10,11,12,11,10,9,8,0,0,4,3,4,4,-1206.0,2.52,0.0,0.0
1,2,3,4,5,4,3,0,1,-1,0,-1,0,6,6,2,0,-1,7,0,7,0,7,0,7,0,7,-1,0,-1,0,-1,14,0,14,0,14,0,14,0,14,-1,0,13,0,13,0,-1,0,-1,8,9,10,11,12,11,10,9,8,0,0,1,2,1,7,-858.0,6.91,0.0,0.0
1,2,3,4,5,0,3,2,1,-1,0,4,0,-1,0,6,6,0,-1,7,0,7,0,7,-1,0,7,0,7,0,-1,0,-1,14,0,14,0,14,0,14,0,14,-1,0,13,0,13,0,-1,0,-1,8,9,10,11,12,11,10,9,8,0,0,2,0,4,2.0,-350.0,25.72,0.0
1,0,3,0,5,4,3,0,-1,0,4,0,1,-1,0,2,0,6,6,2,0,-1,7,0,7,0,7,-1,0,7,0,7,0,-1,0,-1,14,0,14,0,14,0,14,0,14,-1,0,13,0,13,0,-1,0,-1,8,9,10,11,12,11,10,9,8,0,0,1.0,0.0,0.0,2.0
1,2,3,4,5,4,3,0,1,-1,0,-1,0,6,6,2,0,-1,7,0,7,0,7,0,7,0,7,-1,0,-1,0,-1,14,0,14,0,14,0,14,0,14,-1,0,13,0,13,0,-1,0,-1,8,9,10,11,12,11,10,9,8,0,0,7,2,7,4,-659.0,11.95,0.0,0.0
1,0,3,0,5,4,3,0,-1,0,4,0,1,-1,0,2,0,6,6,2,0,-1,7,0,7,0,-1,0,7,0,7,0,7,-1,0,-1,14,0,14,0,14,0,14,0,14,-1,0,13,0,13,0,-1,0,-1,8,9,10,11,12,11,10,9,8,0,0,7.0,2.0,3.0,2.0
1,2,3,4,5,4,3,0,1,-1,0,-1,0,6,6,2,0,-1,7,0,7,0,7,0,7,0,7,-1,0,-1,0,-1,14,0,14,0,14,0,14,0,14,-1,0,13,0,13,0,-1,0,-1,8,9,10,11,12,11,10,9,8,0,0,6,3,6,4,-687.0,11.09,0.0,0.0
1,2,3,4,5,4,3,2,1,-1,0,-1,0,6,6,0,-1,7,0,7,0,7,0,7,0,7,-1,0,-1,0,-1,14,0,14,0,14,0,14,0,14,-1,0,13,0,13,0,-1,0,-1,8,9,10,11,12,11,10,9,8,0,0,0,0,0,2,-619,13.29,0.0,0.0,0.0
1,2,3,4,5,4,3,0,1,-1,0,-1,0,6,6,2,0,-1,7,0,7,0,7,-1,0,7,0,7,0,-1,0,-1,14,0,14,0,14,0,14,0,14,-1,0,13,0,13,0,-1,0,-1,8,9,10,11,12,11,10,9,8,0,0,8,3,8,4,-920.0,5.8,0.0,0.0
1,0,3,4,5,0,3,0,1,-1,0,4,0,-1,0,2,0,6,6,2,0,-1,7,0,7,0,7,0,7,-1,0,7,0,-1,0,-1,14,0,14,0,14,0,14,0,14,-1,0,13,0,13,0,-1,0,-1,8,9,10,11,12,11,10,9,8,0,0,1.0,2.0,1.0,4.0
1,2,3,4,5,4,3,2,1,-1,0,-1,0,6,6,0,-1,7,0,7,0,7,0,7,-1,0,7,0,-1,0,-1,14,0,14,0,14,0,14,0,14,-1,0,13,0,13,0,-1,0,-1,8,9,10,11,12,11,10,9,8,0,0,4,0,4,1,-779,8.62,0.0,0.0,0.0
0,3,0,5,4,0,-1,0,4,0,1,-1,1,0,2,0,6,6,2,0,3,-1,0,7,0,-1,7,0,7,0,7,0,7,-1,0,-1,14,0,14,0,14,0,14,0,14,-1,0,13,0,13,0,-1,0,-1,8,9,10,11,12,11,10,9,8,0,0,1.0,2.0,2.0,2.0
1,0,3,4,5,4,3,0,1,-1,0,-1,0,2,0,6,6,2,0,-1,7,0,7,0,7,0,7,0,7,-1,0,-1,0,-1,14,0,14,0,14,0,14,0,14,-1,0,13,0,13,0,-1,0,-1,8,9,10,11,12,11,10,9,8,0,0,7,2,5.0,2.0,-968.0,5.05
1,0,3,4,5,4,3,2,1,-1,0,-1,0,2,0,6,6,0,-1,7,0,7,0,7,-1,0,7,0,7,0,-1,0,-1,14,0,14,0,14,0,14,0,14,-1,0,13,0,13,0,-1,0,-1,8,9,10,11,12,11,10,9,8,0,0,3,0,4,1.0,-485.0,18.7,0.0
1,2,3,4,5,4,3,2,1,-1,0,-1,0,6,6,0,-1,7,0,7,0,7,0,7,-1,0,7,0,-1,0,-1,14,0,14,0,14,0,14,0,14,-1,0,13,0,13,0,-1,0,-1,8,9,10,11,12,11,10,9,8,0,0,7,2,4,2,-343,26.13,0.0,0.0,0.0
1,2,3,4,5,4,3,2,1,-1,0,-1,0,6,0,6,0,-1,7,0,7,0,7,0,7,0,7,-1,0,-1,0,-1,14,0,14,0,14,0,14,0,14,-1,0,13,0,13,0,-1,0,-1,8,9,10,11,12,11,10,9,8,0,0,8,0,8,2,-107.0,41.96,0.0,0.0
1,2,3,4,5,4,3,2,1,-1,0,-1,0,6,6,0,-1,7,0,7,0,7,0,7,0,7,-1,0,-1,0,-1,14,0,14,0,14,0,14,0,14,-1,0,13,0,13,0,-1,0,-1,8,9,10,11,12,11,10,9,8,0,0,2,0,4,2,-162,37.97,0.0,0.0,0.0
1,2,3,4,5,4,3,2,1,-1,0,-1,0,6,6,0,-1,7,0,7,0,7,0,7,-1,0,7,0,-1,0,-1,14,0,14,0,14,0,14,0,14,-1,0,13,0,13,0,-1,0,-1,8,9,10,11,12,11,10,9,8,0,0,7,2,7,3,-410,22.4,0.0,0.0,0.0
1,0,3,0,5,4,3,0,-1,0,4,0,1,-1,0,2,0,6,6,2,0,-1,7,0,7,0,7,-1,0,7,0,7,0,-1,0,-1,14,0,14,0,14,0,14,0,14,-1,0,13,0,13,0,-1,0,-1,8,9,10,11,12,11,10,9,8,0,0,7.0,2.0,7.0,6.0
1,0,3,0,5,4,3,0,1,-1,0,4,0,-1,0,2,0,6,6,2,0,-1,7,0,7,0,7,0,7,-1,0,7,0,-1,0,-1,14,0,14,0,14,0,14,0,14,-1,0,13,0,13,0,-1,0,-1,8,9,10,11,12,11,10,9,8,0,0,7.0,2.0,7.0,6.0
1,2,3,4,5,4,3,2,1,-1,0,-1,0,6,6,0,-1,7,0,7,0,7,0,7,0,7,-1,0,-1,0,-1,14,0,14,0,14,0,14,0,14,-1,0,13,0,13,0,-1,0,-1,8,9,10,11,12,11,10,9,8,0,0,7,2,7,7,-784,8.5,0.0,0.0,0.0
1,2,3,4,5,4,3,2,1,-1,0,-1,0,6,0,6,0,-1,7,0,7,0,7,0,7,0,7,-1,0,-1,0,-1,14,0,14,0,14,0,14,0,14,-1,0,13,0,13,0,-1,0,-1,8,9,10,11,12,11,10,9,8,0,0,0,0,0,1,-238.0,32.71,0.0,0.0
1,0,3,4,5,0,3,0,1,-1,0,4,0,-1,0,2,0,6,6,2,0,-1,7,0,7,0,7,-1,0,7,0,7,0,-1,0,-1,14,0,14,0,14,0,14,0,14,-1,0,13,0,13,0,-1,0,-1,8,9,10,11,12,11,10,9,8,0,0,2.0,3.0,2.0,4.0
1,2,3,4,5,4,3,2,1,-1,0,-1,0,6,6,0,-1,7,0,7,0,7,0,7,-1,0,7,0,-1,0,-1,14,0,14,0,14,0,14,0,14,-1,0,13,0,13,0,-1,0,-1,8,9,10,11,12,11,10,9,8,0,0,7,2,7,5,-683,11.21,0.0,0.0,0.0
1,0,3,0,5,4,3,0,-1,0,4,0,1,-1,0,2,0,6,6,2,0,-1,7,0,7,0,7,0,7,-1,0,7,0,-1,0,-1,14,0,14,0,14,0,14,0,14,-1,0,13,0,13,0,-1,0,-1,8,9,10,11,12,11,10,9,8,0,0,1.0,2.0,0.0,2.0
1,2,3,4,5,4,3,2,1,-1,0,-1,0,6,6,0,-1,7,0,7,0,7,0,7,0,7,-1,0,-1,0,-1,14,0,14,0,14,0,14,0,14,-1,0,13,0,13,0,-1,0,-1,8,9,10,11,12,11,10,9,8,0,0,5,0,4,1,-203,35.09,0.0,0.0,0.0
1,2,3,4,5,4,3,2,1,-1,0,-1,0,6,6,0,-1,7,0,7,0,7,0,7,0,7,-1,0,-1,0,-1,14,0,14,0,14,0,14,0,14,-1,0,13,0,13,0,-1,0,-1,8,9,10,11,12,11,10,9,8,0,0,8,0,8,1,-610,13.61,0.0,0.0,0.0
1,2,3,4,5,4,3,2,1,-1,0,-1,0,6,6,0,-1,7,0,7,0,7,0,7,-1,0,7,0,-1,0,-1,14,0,14,0,14,0,14,0,14,-1,0,13,0,13,0,-1,0,-1,8,9,10,11,12,11,10,9,8,0,0,1,0,2,2,-247,32.12,0.0,0.0,0.0
1,2,3,4,5,4,3,0,1,-1,0,-1,0,6,6,2,0,-1,7,0,7,0,7,-1,0,7,0,7,0,-1,0,-1,14,0,14,0,14,0,14,0,14,-1,0,13,0,13,0,-1,0,-1,8,9,10,11,12,11,10,9,8,0,0,2,0,4,2,-428.0,21.47,0.0,0.0
1,0,3,0,5,4,3,0,1,-1,0,4,0,-1,0,2,0,6,6,2,0,-1,7,0,7,0,7,0,7,0,7,-1,0,-1,0,-1,14,0,14,0,14,0,14,0,14,-1,0,13,0,13,0,-1,0,-1,8,9,10,11,12,11,10,9,8,0,0,1.0,2.0,1.0,4.0
1,0,3,4,5,4,3,0,1,-1,0,-1,0,2,0,6,6,2,0,-1,7,0,7,0,7,0,7,0,7,-1,0,-1,0,-1,14,0,14,0,14,0,14,0,14,-1,0,13,0,13,0,-1,0,-1,8,9,10,11,12,11,10,9,8,0,0,7,0,6.0,2.0,-476.0,19.12
1,0,3,4,5,4,3,2,1,-1,0,-1,0,2,0,6,6,0,-1,7,0,7,0,7,0,7,-1,0,7,0,-1,0,-1,14,0,14,0,14,0,14,0,14,-1,0,13,0,13,0,-1,0,-1,8,9,10,11,12,11,10,9,8,0,0,7,2,3,2.0,-901.0,6.12,0.0
1,0,3,4,5,0,3,0,1,-1,0,4,0,-1,0,2,0,6,6,2,0,-1,7,0,7,0,7,0,7,0,7,-1,0,-1,0,-1,14,0,14,0,14,0,14,0,14,-1,0,13,0,13,0,-1,0,-1,8,9,10,11,12,11,10,9,8,0,0,7.0,0.0,6.0,2.0
1,0,3,0,5,4,3,0,1,-1,0,4,0,-1,0,2,0,6,6,2,0,-1,0,7,0,7,-1,7,0,7,0,7,0,-1,0,-1,14,0,14,0,14,0,14,0,14,-1,0,13,0,13,0,-1,0,-1,8,9,10,11,12,11,10,9,8,0,0,2.0,3.0,2.0,4.0
1,0,3,0,5,4,3,0,-1,0,4,0,1,-1,0,2,0,6,6,2,0,-1,0,7,0,-1,7,0,7,0,7,0,7,-1,0,-1,14,0,14,0,14,0,14,0,14,-1,0,13,0,13,0,-1,0,-1,8,9,10,11,12,11,10,9,8,0,0,1.0,2.0,1.0,1.0
1,2,3,4,5,4,3,0,1,-1,0,-1,0,6,6,2,0,-1,7,0,7,0,7,-1,0,7,0,7,0,-1,0,-1,14,0,14,0,14,0,14,0,14,-1,0,13,0,13,0,-1,0,-1,8,9,10,11,12,11,10,9,8,0,0,7,0,6,2,0.0,50.0,0.0,0.0
1,2,3,4,5,4,3,2,1,-1,0,-1,0,6,0,6,0,-1,7,0,7,0,7,0,7,0,7,-1,0,-1,0,-1,14,0,14,0,14,0,14,0,14,-1,0,13,0,13,0,-1,0,-1,8,9,10,11,12,11,10,9,8,0,0,2,0,4,2,-58.0,45.62,0.0,0.0
1,2,3,4,5,4,3,2,1,-1,0,-1,0,6,0,6,0,-1,7,0,7,0,7,0,7,0,7,-1,0,-1,0,-1,14,0,14,0,14,0,14,0,14,-1,0,13,0,13,0,-1,0,-1,8,9,10,11,12,11,10,9,8,0,0,2,3,2,4,-8.0,49.39,0.0,0.0
1,2,3,4,5,4,3,0,1,-1,0,-1,0,6,6,2,0,-1,7,0,7,0,7,0,7,0,7,-1,0,-1,0,-1,14,0,14,0,14,0,14,0,14,-1,0,13,0,13,0,-1,0,-1,8,9,10,11,12,11,10,9,8,0,0,1,2,1,5,-711.0,10.39,0.0,0.0
1,2,3,4,5,4,3,0,1,-1,0,-1,0,6,6,2,0,-1,7,0,7,0,7,0,7,0,7,-1,0,-1,0,-1,14,0,14,0,14,0,14,0,14,-1,0,13,0,13,0,-1,0,-1,8,9,10,11,12,11,10,9,8,0,0,7,2,7,8,-884.0,6.42,0.0,0.0
0,5,4,0,-1,1,0,4,0,1,-1,3,0,2,0,6,6,2,0,3,-1,0,-1,7,0,7,0,7,0,7,0,7,-1,0,-1,14,0,14,0,14,0,14,0,14,-1,0,13,0,13,0,-1,0,-1,8,9,10,11,12,11,10,9,8,0,0,4,0.0,4.0,1.0,0.0
1,2,3,4,5,4,3,2,1,-1,0,-1,0,6,6,0,-1,7,0,7,0,7,0,7,-1,0,7,0,-1,0,-1,14,0,14,0,14,0,14,0,14,-1,0,13,0,13,0,-1,0,-1,8,9,10,11,12,11,10,9,8,0,0,1,2,2,2,-586,14.48,0.0,0.0,0.0
1,2,3,4,5,4,3,2,1,-1,0,-1,0,6,6,0,-1,7,0,7,0,7,-1,0,7,0,7,0,-1,0,-1,14,0,14,0,14,0,14,0,14,-1,0,13,0,13,0,-1,0,-1,8,9,10,11,12,11,10,9,8,0,0,7,2,4,2,-407,22.56,0.0,0.0,0.0
0,3,4,5,0,3,0,-1,0,4,0,1,-1,1,0,2,0,6,6,2,0,-1,0,7,0,-1,7,0,7,0,7,0,7,-1,0,-1,14,0,14,0,14,0,14,0,14,-1,0,13,0,13,0,-1,0,-1,8,9,10,11,12,11,10,9,8,0,0,1.0,2.0,3.0,2.0
1,2,3,4,5,4,3,2,1,-1,0,-1,0,6,0,6,0,-1,7,0,7,0,7,0,7,0,7,-1,0,-1,0,-1,14,0,14,0,14,0,14,0,14,-1,0,13,0,13,0,-1,0,-1,8,9,10,11,12,11,10,9,8,0,0,1,2,1,5,-141.0,39.48,0.0,0.0
1,2,3,4,5,4,3,0,1,-1,0,-1,0,6,6,2,0,-1,7,0,7,0,7,0,7,0,7,-1,0,-1,0,-1,14,0,14,0,14,0,14,0,14,-1,0,13,0,13,0,-1,0,-1,8,9,10,11,12,11,10,9,8,0,0,1,2,4,2,-359.0,25.2,0.0,0.0
1,2,3,4,5,4,3,2,1,-1,0,-1,0,6,6,0,-1,7,0,7,0,7,-1,0,7,0,7,0,-1,0,-1,14,0,14,0,14,0,14,0,14,-1,0,13,0,13,0,-1,0,-1,8,9,10,11,12,11,10,9,8,0,0,7,2,7,4,-635,12.74,0.0,0.0,0.0
1,2,3,4,5,4,3,2,1,-1,0,-1,0,6,0,6,0,-1,7,0,7,0,7,0,7,0,7,-1,0,-1,0,-1,14,0,14,0,14,0,14,0,14,-1,0,13,0,13,0,-1,0,-1,8,9,10,11,12,11,10,9,8,0,0,8,0,8,1,-62.0,45.32,0.0,0.0
1,2,3,4,5,4,3,2,1,-1,0,-1,0,6,0,6,0,-1,7,0,7,0,7,0,7,0,7,-1,0,-1,0,-1,14,0,14,0,14,0,14,0,14,-1,0,13,0,13,0,-1,0,-1,8,9,10,11,12,11,10,9,8,0,0,7,0,6,2,-9.0,49.32,0.0,0.0
0,5,4,0,-1,1,0,4,0,1,-1,3,0,2,0,6,6,2,0,3,-1,0,-1,7,0,7,0,7,0,7,0,7,-1,0,-1,14,0,14,0,14,0,14,0,14,-1,0,13,0,13,0,-1,0,-1,8,9,10,11,12,11,10,9,8,0,0,0,0.0,0.0,1.0,0.0
1,0,3,4,5,4,3,0,1,-1,0,-1,0,2,0,6,6,2,0,-1,7,0,7,0,7,-1,0,7,0,7,0,-1,0,-1,14,0,14,0,14,0,14,0,14,-1,0,13,0,13,0,-1,0,-1,8,9,10,11,12,11,10,9,8,0,0,7,2,4.0,2.0,-699.0,10.73
1,2,3,4,5,4,3,0,1,-1,0,-1,0,6,6,2,0,-1,7,0,7,0,7,0,7,0,7,-1,0,-1,0,-1,14,0,14,0,14,0,14,0,14,-1,0,13,0,13,0,-1,0,-1,8,9,10,11,12,11,10,9,8,0,0,7,2,6,2,-774.0,8.74,0.0,0.0
1,2,3,4,5,4,3,2,1,-1,0,-1,0,6,6,0,-1,7,0,7,0,7,0,7,-1,0,7,0,-1,0,-1,14,0,14,0,14,0,14,0,14,-1,0,13,0,13,0,-1,0,-1,8,9,10,11,12,11,10,9,8,0,0,0,0,0,2,-580,14.71,0.0,0.0,0.0
1,2,3,4,5,4,3,0,1,-1,0,-1,0,6,6,2,0,-1,7,0,7,0,7,0,7,0,7,-1,0,-1,0,-1,14,0,14,0,14,0,14,0,14,-1,0,13,0,13,0,-1,0,-1,8,9,10,11,12,11,10,9,8,0,0,1,2,2,2,-858.0,6.91,0.0,0.0
1,0,3,0,5,4,3,0,1,-1,0,4,0,-1,0,2,0,6,6,2,0,-1,7,0,7,0,7,0,7,0,7,-1,0,-1,0,-1,14,0,14,0,14,0,14,0,14,-1,0,13,0,13,0,-1,0,-1,8,9,10,11,12,11,10,9,8,0,0,0.0,0.0,0.0,1.0
1,2,3,4,5,4,3,0,1,-1,0,-1,0,6,6,2,0,-1,7,0,7,0,7,0,7,0,7,-1,0,-1,0,-1,14,0,14,0,14,0,14,0,14,-1,0,13,0,13,0,-1,0,-1,8,9,10,11,12,11,10,9,8,0,0,8,0,8,1,-697.0,10.79,0.0,0.0
1,2,3,4,5,4,3,2,1,-1,0,-1,0,6,0,6,0,-1,7,0,7,0,7,0,7,0,7,-1,0,-1,0,-1,14,0,14,0,14,0,14,0,14,-1,0,13,0,13,0,-1,0,-1,8,9,10,11,12,11,10,9,8,0,0,1,2,1,1,-131.0,40.2,0.0,0.0
1,0,3,4,5,0,1,-1,0,4,0,-1,0,2,0,6,6,2,0,3,-1,7,0,7,-1,0,7,0,7,0,7,0,-1,0,-1,14,0,14,0,14,0,14,0,14,-1,0,13,0,13,0,-1,0,-1,8,9,10,11,12,11,10,9,8,0,0,4,3.0,4.0,4.0,0.0
1,2,3,4,5,4,3,2,1,-1,0,-1,0,6,6,0,-1,7,0,7,0,7,0,7,0,7,-1,0,-1,0,-1,14,0,14,0,14,0,14,0,14,-1,0,13,0,13,0,-1,0,-1,8,9,10,11,12,11,10,9,8,0,0,8,3,8,4,-641,12.54,0.0,0.0,0.0
1,2,3,4,5,4,3,2,1,-1,0,-1,0,6,6,0,-1,7,0,7,0,7,0,7,0,7,-1,0,-1,0,-1,14,0,14,0,14,0,14,0,14,-1,0,13,0,13,0,-1,0,-1,8,9,10,11,12,11,10,9,8,0,0,1,2,1,5,-701,10.68,0.0,0.0,0.0
1,2,3,4,5,4,3,2,1,-1,0,-1,0,6,0,6,0,-1,7,0,7,0,7,0,7,0,7,-1,0,-1,0,-1,14,0,14,0,14,0,14,0,14,-1,0,13,0,13,0,-1,0,-1,8,9,10,11,12,11,10,9,8,0,0,1,0,2,2,-32.0,47.58,0.0,0.0
1,2,3,4,5,0,3,0,1,-1,0,4,0,-1,0,6,6,2,0,-1,7,0,7,0,7,-1,0,7,0,7,0,-1,0,-1,14,0,14,0,14,0,14,0,14,-1,0,13,0,13,0,-1,0,-1,8,9,10,11,12,11,10,9,8,0,0,1,2,4.0,2.0,-631.0,12.87
1,2,3,4,5,4,3,2,1,-1,0,-1,0,6,0,6,0,-1,7,0,7,0,7,0,7,0,7,-1,0,-1,0,-1,14,0,14,0,14,0,14,0,14,-1,0,13,0,13,0,-1,0,-1,8,9,10,11,12,11,10,9,8,0,0,6,3,6,4,1.0,50.08,0.0,0.0
1,2,3,4,5,4,3,2,1,-1,0,-1,0,6,0,6,0,-1,7,0,7,0,7,0,7,0,7,-1,0,-1,0,-1,14,0,14,0,14,0,14,0,14,-1,0,13,0,13,0,-1,0,-1,8,9,10,11,12,11,10,9,8,0,0,4,3,4,4,-233.0,33.05,0.0,0.0
1,2,3,4,5,4,3,0,1,-1,0,-1,0,6,6,2,0,-1,7,0,7,0,7,0,7,0,7,-1,0,-1,0,-1,14,0,14,0,14,0,14,0,14,-1,0,13,0,13,0,-1,0,-1,8,9,10,11,12,11,10,9,8,0,0,1,2,1,4,-667.0,11.7,0.0,0.0
1,0,3,4,5,4,3,0,1,-1,0,-1,0,2,0,6,6,2,0,-1,7,0,7,0,7,-1,0,7,0,7,0,-1,0,-1,14,0,14,0,14,0,14,0,14,-1,0,13,0,13,0,-1,0,-1,8,9,10,11,12,11,10,9,8,0,0,2,3,2.0,4.0,-1044.0,4.06
1,2,3,4,5,4,3,0,1,-1,0,-1,0,6,6,2,0,-1,7,0,7,0,7,0,7,0,7,-1,0,-1,0,-1,14,0,14,0,14,0,14,0,14,-1,0,13,0,13,0,-1,0,-1,8,9,10,11,12,11,10,9,8,0,0,1,2,1,8,-840.0,7.27,0.0,0.0
1,2,3,4,5,4,3,2,1,-1,0,-1,0,6,6,0,-1,7,0,7,0,7,0,7,0,7,-1,0,-1,0,-1,14,0,14,0,14,0,14,0,14,-1,0,13,0,13,0,-1,0,-1,8,9,10,11,12,11,10,9,8,0,0,1,2,6,2,-745,9.47,0.0,0.0,0.0
1,0,3,4,5,4,3,0,1,-1,0,-1,0,2,0,6,6,2,0,-1,7,0,7,0,7,0,7,0,7,-1,0,-1,0,-1,14,0,14,0,14,0,14,0,14,-1,0,13,0,13,0,-1,0,-1,8,9,10,11,12,11,10,9,8,0,0,1,2,1.0,8.0,-1073.0,3.73
1,2,3,4,5,4,3,2,1,-1,0,-1,0,6,6,0,-1,7,0,7,0,7,0,7,0,7,-1,0,-1,0,-1,14,0,14,0,14,0,14,0,14,-1,0,13,0,13,0,-1,0,-1,8,9,10,11,12,11,10,9,8,0,0,1,2,3,2,0,50.0,0.0,0.0,0.0
1,2,3,4,5,4,3,2,1,-1,0,-1,0,6,0,6,0,-1,7,0,7,0,7,0,7,0,7,-1,0,-1,0,-1,14,0,14,0,14,0,14,0,14,-1,0,13,0,13,0,-1,0,-1,8,9,10,11,12,11,10,9,8,0,0,2,0,0,2,-106.0,42.04,0.0,0.0
1,0,3,4,5,0,1,-1,0,4,0,-1,0,2,0,6,6,2,0,3,-1,7,0,7,0,7,-1,0,7,0,7,0,-1,0,-1,14,0,14,0,14,0,14,0,14,-1,0,13,0,13,0,-1,0,-1,8,9,10,11,12,11,10,9,8,0,0,1,0.0,0.0,2.0,0.0
1,0,3,0,5,4,3,2,1,-1,0,4,0,-1,0,2,0,6,6,0,-1,7,0,7,0,7,-1,0,7,0,7,0,-1,0,-1,14,0,14,0,14,0,14,0,14,-1,0,13,0,13,0,-1,0,-1,8,9,10,11,12,11,10,9,8,0,0,3,0.0,4.0,1.0,0.0
1,2,3,4,5,4,3,2,1,-1,0,-1,0,6,0,6,0,-1,7,0,7,0,7,0,7,0,7,-1,0,-1,0,-1,14,0,14,0,14,0,14,0,14,-1,0,13,0,13,0,-1,0,-1,8,9,10,11,12,11,10,9,8,0,0,7,2,7,1,-50.0,46.22,0.0,0.0
1,2,3,4,5,4,3,2,1,-1,0,-1,0,6,0,6,0,-1,7,0,7,0,7,0,7,0,7,-1,0,-1,0,-1,14,0,14,0,14,0,14,0,14,-1,0,13,0,13,0,-1,0,-1,8,9,10,11,12,11,10,9,8,0,0,1,2,1,4,-136.0,39.84,0.0,0.0
1,2,3,4,5,4,3,2,1,-1,0,-1,0,6,6,0,-1,7,0,7,0,7,0,7,-1,0,7,0,-1,0,-1,14,0,14,0,14,0,14,0,14,-1,0,13,0,13,0,-1,0,-1,8,9,10,11,12,11,10,9,8,0,0,5,0,4,1,-313,27.92,0.0,0.0,0.0
1,0,3,4,5,4,3,0,1,-1,0,-1,0,2,0,6,6,2,0,-1,7,0,7,0,7,0,7,0,7,-1,0,-1,0,-1,14,0,14,0,14,0,14,0,14,-1,0,13,0,13,0,-1,0,-1,8,9,10,11,12,11,10,9,8,0,0,1,2,1.0,1.0,-866.0,6.76
1,2,3,4,5,4,3,2,1,-1,0,-1,0,6,6,0,-1,7,0,7,0,7,0,7,0,7,-1,0,-1,0,-1,14,0,14,0,14,0,14,0,14,-1,0,13,0,13,0,-1,0,-1,8,9,10,11,12,11,10,9,8,0,0,7,2,7,3,-220,33.92,0.0,0.0,0.0
0,3,0,5,4,3,0,-1,1,0,4,0,1,-1,0,2,0,6,6,2,0,-1,7,0,7,0,7,-1,0,7,0,7,0,-1,0,-1,14,0,14,0,14,0,14,0,14,-1,0,13,0,13,0,-1,0,-1,8,9,10,11,12,11,10,9,8,0,0,1.0,2.0,6.0,2.0
1,0,3,0,5,4,3,0,1,-1,0,4,0,-1,0,2,0,6,6,2,0,-1,7,0,7,0,7,0,7,0,7,-1,0,-1,0,-1,14,0,14,0,14,0,14,0,14,-1,0,13,0,13,0,-1,0,-1,8,9,10,11,12,11,10,9,8,0,0,3.0,0.0,4.0,1.0
1,2,3,4,5,4,3,2,1,-1,0,-1,0,6,6,0,-1,7,0,7,0,7,0,7,0,7,-1,0,-1,0,-1,14,0,14,0,14,0,14,0,14,-1,0,13,0,13,0,-1,0,-1,8,9,10,11,12,11,10,9,8,0,0,2,3,2,4,-635,12.74,0.0,0.0,0.0
0,3,0,5,4,3,0,-1,0,4,0,1,-1,1,0,2,0,6,6,2,0,-1,7,0,7,0,-1,0,7,0,7,0,7,-1,0,-1,14,0,14,0,14,0,14,0,14,-1,0,13,0,13,0,-1,0,-1,8,9,10,11,12,11,10,9,8,0,0,8.0,0.0,8.0,1.0
1,0,3,4,5,4,3,0,1,-1,0,-1,0,2,0,6,6,2,0,-1,7,0,7,0,7,0,7,0,7,-1,0,-1,0,-1,14,0,14,0,14,0,14,0,14,-1,0,13,0,13,0,-1,0,-1,8,9,10,11,12,11,10,9,8,0,0,1,2,1.0,6.0,-978.0,4.91
0,3,0,5,4,3,0,1,-1,1,0,4,0,-1,0,2,0,6,6,2,0,-1,7,0,7,0,7,-1,0,7,0,7,0,-1,0,-1,14,0,14,0,14,0,14,0,14,-1,0,13,0,13,0,-1,0,-1,8,9,10,11,12,11,10,9,8,0,0,0.0,0.0,0.0,1.0
1,0,3,0,5,4,3,0,1,-1,0,4,0,-1,0,2,0,6,6,2,0,-1,7,0,7,0,7,-1,0,7,0,7,0,-1,0,-1,14,0,14,0,14,0,14,0,14,-1,0,13,0,13,0,-1,0,-1,8,9,10,11,12,11,10,9,8,0,0,3.0,0.0,4.0,1.0
1,0,3,4,5,4,3,0,1,-1,0,-1,0,2,0,6,6,2,0,-1,7,0,7,0,7,0,7,0,7,-1,0,-1,0,-1,14,0,14,0,14,0,14,0,14,-1,0,13,0,13,0,-1,0,-1,8,9,10,11,12,11,10,9,8,0,0,3,0,4.0,1.0,-418.0,21.98
1,0,3,4,5,4,3,2,1,-1,0,-1,0,2,0,6,6,0,-1,7,0,7,0,7,-1,0,7,0,7,0,-1,0,-1,14,0,14,0,14,0,14,0,14,-1,0,13,0,13,0,-1,0,-1,8,9,10,11,12,11,10,9,8,0,0,7,2,6,2.0,-922.0,5.77,0.0
1,2,3,4,5,4,3,0,1,-1,0,-1,0,6,6,2,0,-1,7,0,7,0,7,-1,0,7,0,7,0,-1,0,-1,14,0,14,0,14,0,14,0,14,-1,0,13,0,13,0,-1,0,-1,8,9,10,11,12,11,10,9,8,0,0,4,0,4,1,-943.0,5.43,0.0,0.0
0,3,4,5,0,3,0,-1,0,4,0,1,-1,1,0,2,0,6,6,2,0,-1,0,7,0,-1,7,0,7,0,7,0,7,-1,0,-1,14,0,14,0,14,0,14,0,14,-1,0,13,0,13,0,-1,0,-1,8,9,10,11,12,11,10,9,8,0,0,2.0,3.0,2.0,4.0
1,0,3,0,5,4,3,0,1,-1,0,4,0,-1,0,2,0,6,6,2,0,-1,7,0,7,0,-1,0,7,0,7,0,7,-1,0,-1,14,0,14,0,14,0,14,0,14,-1,0,13,0,13,0,-1,0,-1,8,9,10,11,12,11,10,9,8,0,0,8.0,3.0,8.0,4.0
1,2,3,4,5,4,3,2,1,-1,0,-1,0,6,0,6,0,-1,7,0,7,0,7,0,7,0,7,-1,0,-1,0,-1,14,0,14,0,14,0,14,0,14,-1,0,13,0,13,0,-1,0,-1,8,9,10,11,12,11,10,9,8,0,0,1,0,0,2,0.0,50.0,0.0,0.0
1,2,3,4,5,4,3,2,1,-1,0,-1,0,6,6,0,-1,7,0,7,0,7,-1,0,7,0,7,0,-1,0,-1,14,0,14,0,14,0,14,0,14,-1,0,13,0,13,0,-1,0,-1,8,9,10,11,12,11,10,9,8,0,0,3,0,4,1,-383,23.86,0.0,0.0,0.0
1,2,3,4,5,4,3,2,1,-1,0,-1,0,6,0,6,0,-1,7,0,7,0,7,0,7,0,7,-1,0,-1,0,-1,14,0,14,0,14,0,14,0,14,-1,0,13,0,13,0,-1,0,-1,8,9,10,11,12,11,10,9,8,0,0,4,3,4,4,-177.0,36.9,0.0,0.0
1,0,3,4,5,4,3,0,1,-1,0,-1,0,2,0,6,6,2,0,-1,7,0,7,0,7,0,7,0,7,-1,0,-1,0,-1,14,0,14,0,14,0,14,0,14,-1,0,13,0,13,0,-1,0,-1,8,9,10,11,12,11,10,9,8,0,0,1,2,3.0,2.0,-918.0,5.83
1,2,3,4,5,4,3,2,1,-1,0,-1,0,6,6,0,-1,7,0,7,0,7,0,7,0,7,-1,0,-1,0,-1,14,0,14,0,14,0,14,0,14,-1,0,13,0,13,0,-1,0,-1,8,9,10,11,12,11,10,9,8,0,0,1,2,1,3,-231,33.18,0.0,0.0,0.0
1,0,3,4,5,0,3,0,1,-1,0,4,0,-1,0,2,0,6,6,2,0,-1,7,0,7,0,7,-1,0,7,0,7,0,-1,0,-1,14,0,14,0,14,0,14,0,14,-1,0,13,0,13,0,-1,0,-1,8,9,10,11,12,11,10,9,8,0,0,1.0,0.0,2.0,2.0
1,2,3,4,5,0,3,0,1,-1,0,4,0,-1,0,6,6,2,0,-1,7,0,7,0,7,-1,0,7,0,7,0,-1,0,-1,14,0,14,0,14,0,14,0,14,-1,0,13,0,13,0,-1,0,-1,8,9,10,11,12,11,10,9,8,0,0,1,0,2.0,2.0,-590.0,14.33
1,0,3,4,5,4,3,0,1,-1,0,-1,0,2,0,6,6,2,0,-1,7,0,7,0,7,-1,0,7,0,7,0,-1,0,-1,14,0,14,0,14,0,14,0,14,-1,0,13,0,13,0,-1,0,-1,8,9,10,11,12,11,10,9,8,0,0,7,2,8.0,2.0,0.0,50.0
1,0,3,4,5,4,3,2,1,-1,0,-1,0,2,0,6,6,0,-1,7,0,7,0,7,0,7,-1,0,7,0,-1,0,-1,14,0,14,0,14,0,14,0,14,-1,0,13,0,13,0,-1,0,-1,8,9,10,11,12,11,10,9,8,0,0,2,3,2,4.0,-672.0,11.54,0.0
0,3,0,5,4,3,0,-1,1,0,4,0,1,-1,0,2,0,6,6,2,0,-1,0,7,0,-1,7,0,7,0,7,0,7,-1,0,-1,14,0,14,0,14,0,14,0,14,-1,0,13,0,13,0,-1,0,-1,8,9,10,11,12,11,10,9,8,0,0,8.0,3.0,8.0,4.0
1,2,3,4,5,4,3,2,1,-1,0,-1,0,6,6,0,-1,7,0,7,0,7,0,7,-1,0,7,0,-1,0,-1,14,0,14,0,14,0,14,0,14,-1,0,13,0,13,0,-1,0,-1,8,9,10,11,12,11,10,9,8,0,0,1,0,0,2,-654,12.11,0.0,0.0,0.0
1,0,3,0,5,4,3,0,1,-1,0,4,0,-1,0,2,0,6,6,2,0,-1,7,0,7,0,7,0,7,0,7,-1,0,-1,0,-1,14,0,14,0,14,0,14,0,14,-1,0,13,0,13,0,-1,0,-1,8,9,10,11,12,11,10,9,8,0,0,1.0,2.0,0.0,2.0
0,3,0,5,4,0,-1,0,4,0,1,-1,1,0,2,0,6,6,2,0,3,-1,0,-1,7,0,7,0,7,0,7,0,7,-1,0,-1,14,0,14,0,14,0,14,0,14,-1,0,13,0,13,0,-1,0,-1,8,9,10,11,12,11,10,9,8,0,0,4.0,3.0,4.0,4.0
1,0,3,0,5,4,3,0,1,-1,0,4,0,-1,0,2,0,6,6,2,0,-1,0,7,0,-1,7,0,7,0,7,0,7,-1,0,-1,14,0,14,0,14,0,14,0,14,-1,0,13,0,13,0,-1,0,-1,8,9,10,11,12,11,10,9,8,0,0,7.0,2.0,7.0,5.0
1,0,3,4,5,4,3,2,1,-1,0,-1,0,2,0,6,6,0,-1,7,0,7,0,7,0,7,-1,0,7,0,-1,0,-1,14,0,14,0,14,0,14,0,14,-1,0,13,0,13,0,-1,0,-1,8,9,10,11,12,11,10,9,8,0,0,1,0,2,2.0,0.0,50.0,0.0
1,0,3,4,5,0,1,-1,0,4,0,-1,0,2,0,6,6,2,0,3,-1,7,0,7,0,7,-1,0,7,0,7,0,-1,0,-1,14,0,14,0,14,0,14,0,14,-1,0,13,0,13,0,-1,0,-1,8,9,10,11,12,11,10,9,8,0,0,1,2.0,3.0,2.0,0.0
1,2,3,4,5,4,3,2,1,-1,0,-1,0,6,6,0,-1,7,0,7,0,7,-1,0,7,0,7,0,-1,0,-1,14,0,14,0,14,0,14,0,14,-1,0,13,0,13,0,-1,0,-1,8,9,10,11,12,11,10,9,8,0,0,1,0,2,2,-418,21.98,0.0,0.0,0.0
1,2,3,4,5,4,3,0,1,-1,0,-1,0,6,6,2,0,-1,7,0,7,0,7,0,7,0,7,-1,0,-1,0,-1,14,0,14,0,14,0,14,0,14,-1,0,13,0,13,0,-1,0,-1,8,9,10,11,12,11,10,9,8,0,0,0,3,0,4,-711.0,10.39,0.0,0.0
1,2,3,4,5,4,3,2,1,-1,0,-1,0,6,6,0,-1,7,0,7,0,7,0,7,0,7,-1,0,-1,0,-1,14,0,14,0,14,0,14,0,14,-1,0,13,0,13,0,-1,0,-1,8,9,10,11,12,11,10,9,8,0,0,7,2,3,2,-721,10.11,0.0,0.0,0.0
1,0,3,4,5,4,3,0,1,-1,0,-1,0,2,0,6,6,2,0,-1,7,0,7,0,7,0,7,0,7,-1,0,-1,0,-1,14,0,14,0,14,0,14,0,14,-1,0,13,0,13,0,-1,0,-1,8,9,10,11,12,11,10,9,8,0,0,6,3,6.0,4.0,-749.0,9.37
1,0,3,0,5,4,3,0,1,-1,0,4,0,-1,0,2,0,6,6,2,0,-1,7,0,7,0,7,-1,0,7,0,7,0,-1,0,-1,14,0,14,0,14,0,14,0,14,-1,0,13,0,13,0,-1,0,-1,8,9,10,11,12,11,10,9,8,0,0,7.0,2.0,7.0,4.0
1,2,3,4,5,4,3,0,1,-1,0,-1,0,6,6,2,0,-1,7,0,7,0,7,0,7,0,7,-1,0,-1,0,-1,14,0,14,0,14,0,14,0,14,-1,0,13,0,13,0,-1,0,-1,8,9,10,11,12,11,10,9,8,0,0,7,2,7,1,-774.0,8.74,0.0,0.0
1,2,3,4,5,4,3,2,1,-1,0,-1,0,6,6,0,-1,7,0,7,0,7,0,7,0,7,-1,0,-1,0,-1,14,0,14,0,14,0,14,0,14,-1,0,13,0,13,0,-1,0,-1,8,9,10,11,12,11,10,9,8,0,0,1,0,0,2,-625,13.08,0.0,0.0,0.0
1,2,3,4,5,4,3,2,1,-1,0,-1,0,6,0,6,0,-1,7,0,7,0,7,0,7,0,7,-1,0,-1,0,-1,14,0,14,0,14,0,14,0,14,-1,0,13,0,13,0,-1,0,-1,8,9,10,11,12,11,10,9,8,0,0,7,2,4,2,1.0,50.08,0.0,0.0
1,0,5,4,0,-1,0,4,0,1,-1,3,0,2,0,6,6,2,0,3,-1,0,7,0,-1,7,0,7,0,7,0,7,-1,0,-1,14,0,14,0,14,0,14,0,14,-1,0,13,0,13,0,-1,0,-1,8,9,10,11,12,11,10,9,8,0,0,2,0.0,0.0,2.0,0.0
1,2,3,4,5,4,3,0,1,-1,0,-1,0,6,6,2,0,-1,7,0,7,0,7,0,7,0,7,-1,0,-1,0,-1,14,0,14,0,14,0,14,0,14,-1,0,13,0,13,0,-1,0,-1,8,9,10,11,12,11,10,9,8,0,0,1,2,1,6,-767.0,8.91,0.0,0.0
1,0,5,4,0,1,-1,0,4,0,-1,3,0,2,0,6,6,2,0,3,-1,0,7,0,-1,7,0,7,0,7,0,7,-1,0,-1,14,0,14,0,14,0,14,0,14,-1,0,13,0,13,0,-1,0,-1,8,9,10,11,12,11,10,9,8,0,0,0,0.0,0.0,2.0,0.0
1,0,3,4,5,0,1,-1,0,4,0,-1,0,2,0,6,6,2,0,3,-1,7,0,7,0,7,-1,0,7,0,7,0,-1,0,-1,14,0,14,0,14,0,14,0,14,-1,0,13,0,13,0,-1,0,-1,8,9,10,11,12,11,10,9,8,0,0,1,2.0,1.0,5.0,0.0
1,2,3,4,5,4,3,2,1,-1,0,-1,0,6,0,6,0,-1,7,0,7,0,7,0,7,0,7,-1,0,-1,0,-1,14,0,14,0,14,0,14,0,14,-1,0,13,0,13,0,-1,0,-1,8,9,10,11,12,11,10,9,8,0,0,7,2,7,5,-141.0,39.48,0.0,0.0
1,0,3,4,5,0,3,0,1,-1,0,4,0,-1,0,2,0,6,6,2,0,-1,7,0,7,0,7,0,7,0,7,-1,0,-1,0,-1,14,0,14,0,14,0,14,0,14,-1,0,13,0,13,0,-1,0,-1,8,9,10,11,12,11,10,9,8,0,0,7.0,2.0,4.0,2.0
0,3,0,5,4,3,0,-1,0,4,0,1,-1,1,0,2,0,6,6,2,0,-1,7,0,7,0,7,0,7,-1,0,7,0,-1,0,-1,14,0,14,0,14,0,14,0,14,-1,0,13,0,13,0,-1,0,-1,8,9,10,11,12,11,10,9,8,0,0,0.0,0.0,0.0,2.0
0,3,0,5,4,0,-1,0,4,0,1,-1,1,0,2,0,6,6,2,0,3,-1,0,7,0,-1,7,0,7,0,7,0,7,-1,0,-1,14,0,14,0,14,0,14,0,14,-1,0,13,0,13,0,-1,0,-1,8,9,10,11,12,11,10,9,8,0,0,4.0,0.0,4.0,1.0
1,0,3,4,5,0,3,0,1,-1,0,4,0,-1,0,2,0,6,6,2,0,-1,0,7,0,7,-1,7,0,7,0,7,0,-1,0,-1,14,0,14,0,14,0,14,0,14,-1,0,13,0,13,0,-1,0,-1,8,9,10,11,12,11,10,9,8,0,0,1.0,2.0,1.0,5.0
1,0,3,0,5,4,3,0,1,-1,0,4,0,-1,0,2,0,6,6,2,0,-1,7,0,7,0,7,-1,0,7,0,7,0,-1,0,-1,14,0,14,0,14,0,14,0,14,-1,0,13,0,13,0,-1,0,-1,8,9,10,11,12,11,10,9,8,0,0,1.0,2.0,1.0,3.0
1,0,3,4,5,4,3,2,1,-1,0,-1,0,2,0,6,6,0,-1,7,0,7,0,7,0,7,-1,0,7,0,-1,0,-1,14,0,14,0,14,0,14,0,14,-1,0,13,0,13,0,-1,0,-1,8,9,10,11,12,11,10,9,8,0,0,7,2,5,2.0,-763.0,9.01,0.0
1,2,3,4,5,4,3,0,1,-1,0,-1,0,6,6,2,0,-1,7,0,7,0,7,0,7,0,7,-1,0,-1,0,-1,14,0,14,0,14,0,14,0,14,-1,0,13,0,13,0,-1,0,-1,8,9,10,11,12,11,10,9,8,0,0,7,2,3,2,-774.0,8.74,0.0,0.0
1,0,3,4,5,4,3,2,1,-1,0,-1,0,2,0,6,6,0,-1,7,0,7,0,7,0,7,-1,0,7,0,-1,0,-1,14,0,14,0,14,0,14,0,14,-1,0,13,0,13,0,-1,0,-1,8,9,10,11,12,11,10,9,8,0,0,7,2,7,8.0,-836.0,7.36,0.0
1,2,3,4,5,4,3,2,1,-1,0,-1,0,6,6,0,-1,7,0,7,0,7,0,7,-1,0,7,0,-1,0,-1,14,0,14,0,14,0,14,0,14,-1,0,13,0,13,0,-1,0,-1,8,9,10,11,12,11,10,9,8,0,0,2,3,2,4,-583,14.6,0.0,0.0,0.0
1,2,3,4,5,4,3,2,1,-1,0,-1,0,6,0,6,0,-1,7,0,7,0,7,0,7,0,7,-1,0,-1,0,-1,14,0,14,0,14,0,14,0,14,-1,0,13,0,13,0,-1,0,-1,8,9,10,11,12,11,10,9,8,0,0,6,0,4,2,1.0,50.08,0.0,0.0
1,0,3,0,5,4,3,0,1,-1,0,4,0,-1,0,2,0,6,6,2,0,-1,7,0,7,0,7,0,7,-1,0,7,0,-1,0,-1,14,0,14,0,14,0,14,0,14,-1,0,13,0,13,0,-1,0,-1,8,9,10,11,12,11,10,9,8,0,0,6.0,3.0,6.0,4.0
0,3,0,5,4,0,-1,0,4,0,1,-1,1,0,2,0,6,6,2,0,3,-1,0,7,0,-1,7,0,7,0,7,0,7,-1,0,-1,14,0,14,0,14,0,14,0,14,-1,0,13,0,13,0,-1,0,-1,8,9,10,11,12,11,10,9,8,0,0,7.0,2.0,7.0,3.0
1,2,3,4,5,4,3,2,1,-1,0,-1,0,6,6,0,-1,7,0,7,0,7,0,7,0,7,-1,0,-1,0,-1,14,0,14,0,14,0,14,0,14,-1,0,13,0,13,0,-1,0,-1,8,9,10,11,12,11,10,9,8,0,0,7,0,8,2,-621,13.22,0.0,0.0,0.0
1,0,3,0,5,4,3,0,1,-1,0,4,0,-1,0,2,0,6,6,2,0,-1,7,0,7,0,7,0,7,-1,0,7,0,-1,0,-1,14,0,14,0,14,0,14,0,14,-1,0,13,0,13,0,-1,0,-1,8,9,10,11,12,11,10,9,8,0,0,7.0,0.0,6.0,2.0
1,2,3,4,5,4,3,2,1,-1,0,-1,0,6,6,0,-1,7,0,7,0,7,-1,0,7,0,7,0,-1,0,-1,14,0,14,0,14,0,14,0,14,-1,0,13,0,13,0,-1,0,-1,8,9,10,11,12,11,10,9,8,0,0,7,2,2,2,-595,14.15,0.0,0.0,0.0
1,0,3,0,5,4,3,0,1,-1,0,4,0,-1,0,2,0,6,6,2,0,-1,0,7,0,-1,7,0,7,0,7,0,7,-1,0,-1,14,0,14,0,14,0,14,0,14,-1,0,13,0,13,0,-1,0,-1,8,9,10,11,12,11,10,9,8,0,0,8.0,3.0,8.0,4.0
1,0,3,4,5,4,3,0,1,-1,0,-1,0,2,0,6,6,2,0,-1,7,0,7,0,7,-1,0,7,0,7,0,-1,0,-1,14,0,14,0,14,0,14,0,14,-1,0,13,0,13,0,-1,0,-1,8,9,10,11,12,11,10,9,8,0,0,1,2,6.0,2.0,0.0,50.0
1,0,3,4,5,4,3,0,1,-1,0,-1,0,2,0,6,6,2,0,-1,7,0,7,0,7,0,7,0,7,-1,0,-1,0,-1,14,0,14,0,14,0,14,0,14,-1,0,13,0,13,0,-1,0,-1,8,9,10,11,12,11,10,9,8,0,0,7,2,8.0,2.0,-832.0,7.44
1,0,3,0,5,4,3,0,1,-1,0,4,0,-1,0,2,0,6,6,2,0,-1,0,7,0,-1,7,0,7,0,7,0,7,-1,0,-1,14,0,14,0,14,0,14,0,14,-1,0,13,0,13,0,-1,0,-1,8,9,10,11,12,11,10,9,8,0,0,7.0,2.0,3.0,2.0
1,0,3,4,5,0,3,0,1,-1,0,4,0,-1,0,2,0,6,6,2,0,-1,7,0,7,0,7,0,7,0,7,-1,0,-1,0,-1,14,0,14,0,14,0,14,0,14,-1,0,13,0,13,0,-1,0,-1,8,9,10,11,12,11,10,9,8,0,0,3.0,0.0,4.0,1.0
1,2,3,4,5,4,3,2,1,-1,0,-1,0,6,6,0,-1,7,0,7,0,7,0,7,-1,0,7,0,-1,0,-1,14,0,14,0,14,0,14,0,14,-1,0,13,0,13,0,-1,0,-1,8,9,10,11,12,11,10,9,8,0,0,1,2,6,2,-589,14.37,0.0,0.0,0.0
1,2,3,4,5,4,3,0,1,-1,0,-1,0,6,6,2,0,-1,7,0,7,0,7,0,7,0,7,-1,0,-1,0,-1,14,0,14,0,14,0,14,0,14,-1,0,13,0,13,0,-1,0,-1,8,9,10,11,12,11,10,9,8,0,0,1,2,1,1,-775.0,8.72,0.0,0.0
1,2,3,4,5,4,3,0,1,-1,0,-1,0,6,6,2,0,-1,7,0,7,0,7,0,7,0,7,-1,0,-1,0,-1,14,0,14,0,14,0,14,0,14,-1,0,13,0,13,0,-1,0,-1,8,9,10,11,12,11,10,9,8,0,0,7,2,8,2,-773.0,8.77,0.0,0.0
1,0,3,4,5,0,3,0,1,-1,0,4,0,-1,0,2,0,6,6,2,0,-1,7,0,7,0,7,-1,0,7,0,7,0,-1,0,-1,14,0,14,0,14,0,14,0,14,-1,0,13,0,13,0,-1,0,-1,8,9,10,11,12,11,10,9,8,0,0,6.0,3.0,6.0,4.0
1,0,3,4,5,4,3,0,1,-1,0,-1,0,2,0,6,6,2,0,-1,7,0,7,0,7,0,7,0,7,-1,0,-1,0,-1,14,0,14,0,14,0,14,0,14,-1,0,13,0,13,0,-1,0,-1,8,9,10,11,12,11,10,9,8,0,0,7,2,4.0,2.0,-541.0,16.25
1,2,3,4,5,4,3,0,1,-1,0,-1,0,6,6,2,0,-1,7,0,7,0,7,-1,0,7,0,7,0,-1,0,-1,14,0,14,0,14,0,14,0,14,-1,0,13,0,13,0,-1,0,-1,8,9,10,11,12,11,10,9,8,0,0,3,0,4,1,-473.0,19.26,0.0,0.0
1,0,3,4,5,0,3,0,1,-1,0,4,0,-1,0,2,0,6,6,2,0,-1,7,0,7,0,7,0,7,-1,0,7,0,-1,0,-1,14,0,14,0,14,0,14,0,14,-1,0,13,0,13,0,-1,0,-1,8,9,10,11,12,11,10,9,8,0,0,7.0,2.0,7.0,4.0
1,0,3,4,5,4,3,0,1,-1,0,-1,0,2,0,6,6,2,0,-1,7,0,7,0,7,-1,0,7,0,7,0,-1,0,-1,14,0,14,0,14,0,14,0,14,-1,0,13,0,13,0,-1,0,-1,8,9,10,11,12,11,10,9,8,0,0,1,0,0.0,2.0,0.0,50.0
1,0,3,4,5,4,3,0,1,-1,0,-1,0,2,0,6,6,2,0,-1,7,0,7,0,7,0,7,0,7,-1,0,-1,0,-1,14,0,14,0,14,0,14,0,14,-1,0,13,0,13,0,-1,0,-1,8,9,10,11,12,11,10,9,8,0,0,1,2,4.0,2.0,-517.0,17.27
1,2,3,4,5,4,3,0,1,-1,0,-1,0,6,6,2,0,-1,7,0,7,0,7,0,7,0,7,-1,0,-1,0,-1,14,0,14,0,14,0,14,0,14,-1,0,13,0,13,0,-1,0,-1,8,9,10,11,12,11,10,9,8,0,0,2,0,0,2,-767.0,8.91,0.0,0.0
1,2,3,4,5,4,3,2,1,-1,0,-1,0,6,6,0,-1,7,0,7,0,7,0,7,-1,0,7,0,-1,0,-1,14,0,14,0,14,0,14,0,14,-1,0,13,0,13,0,-1,0,-1,8,9,10,11,12,11,10,9,8,0,0,7,2,2,2,-657,12.02,0.0,0.0,0.0
1,2,3,4,5,4,3,2,1,-1,0,-1,0,6,0,6,0,-1,7,0,7,0,7,0,7,0,7,-1,0,-1,0,-1,14,0,14,0,14,0,14,0,14,-1,0,13,0,13,0,-1,0,-1,8,9,10,11,12,11,10,9,8,0,0,0,3,0,4,0.0,50.0,0.0,0.0
1,0,3,0,5,4,3,0,1,-1,0,4,0,-1,0,2,0,6,6,2,0,-1,7,0,7,0,7,0,7,-1,0,7,0,-1,0,-1,14,0,14,0,14,0,14,0,14,-1,0,13,0,13,0,-1,0,-1,8,9,10,11,12,11,10,9,8,0,0,2.0,0.0,4.0,2.0
1,0,3,0,5,4,3,0,1,-1,0,4,0,-1,0,2,0,6,6,2,0,-1,7,0,7,0,7,0,7,0,7,-1,0,-1,0,-1,14,0,14,0,14,0,14,0,14,-1,0,13,0,13,0,-1,0,-1,8,9,10,11,12,11,10,9,8,0,0,6.0,3.0,6.0,4.0
1,2,3,4,5,4,3,2,1,-1,0,-1,0,6,6,0,-1,7,0,7,0,7,-1,0,7,0,7,0,-1,0,-1,14,0,14,0,14,0,14,0,14,-1,0,13,0,13,0,-1,0,-1,8,9,10,11,12,11,10,9,8,0,0,7,0,6,2,-414,22.19,0.0,0.0,0.0
1,0,3,0,5,4,3,0,1,-1,0,4,0,-1,0,2,0,6,6,2,0,-1,7,0,7,0,7,0,7,-1,0,7,0,-1,0,-1,14,0,14,0,14,0,14,0,14,-1,0,13,0,13,0,-1,0,-1,8,9,10,11,12,11,10,9,8,0,0,1.0,2.0,1.0,3.0
1,0,3,4,5,0,3,0,1,-1,0,4,0,-1,0,2,0,6,6,2,0,-1,7,0,7,0,7,-1,0,7,0,7,0,-1,0,-1,14,0,14,0,14,0,14,0,14,-1,0,13,0,13,0,-1,0,-1,8,9,10,11,12,11,10,9,8,0,0,1.0,2.0,1.0,4.0
1,2,3,4,5,4,3,2,1,-1,0,-1,0,6,6,0,-1,7,0,7,0,7,0,7,0,7,-1,0,-1,0,-1,14,0,14,0,14,0,14,0,14,-1,0,13,0,13,0,-1,0,-1,8,9,10,11,12,11,10,9,8,0,0,8,0,8,2,-611,13.57,0.0,0.0,0.0
1,2,3,4,5,4,3,2,1,-1,0,-1,0,6,6,0,-1,7,0,7,0,7,0,7,0,7,-1,0,-1,0,-1,14,0,14,0,14,0,14,0,14,-1,0,13,0,13,0,-1,0,-1,8,9,10,11,12,11,10,9,8,0,0,4,0,4,1,-871,6.66,0.0,0.0,0.0
1,0,3,4,5,4,3,0,1,-1,0,-1,0,2,0,6,6,2,0,-1,7,0,7,0,7,0,7,0,7,-1,0,-1,0,-1,14,0,14,0,14,0,14,0,14,-1,0,13,0,13,0,-1,0,-1,8,9,10,11,12,11,10,9,8,0,0,1,2,2.0,2.0,-903.0,6.09
1,0,3,4,5,4,3,2,1,-1,0,-1,0,2,0,6,6,0,-1,7,0,7,0,7,0,7,-1,0,7,0,-1,0,-1,14,0,14,0,14,0,14,0,14,-1,0,13,0,13,0,-1,0,-1,8,9,10,11,12,11,10,9,8,0,0,0,3,0,4.0,-808.0,7.95,0.0
0,5,4,0,-1,1,0,4,0,1,-1,3,0,2,0,6,6,2,0,3,-1,0,7,0,-1,7,0,7,0,7,0,7,-1,0,-1,14,0,14,0,14,0,14,0,14,-1,0,13,0,13,0,-1,0,-1,8,9,10,11,12,11,10,9,8,0,0,1,2.0,5.0,2.0,0.0
1,0,3,0,5,4,3,0,-1,0,4,0,1,-1,0,2,0,6,6,2,0,-1,0,7,0,-1,7,0,7,0,7,0,7,-1,0,-1,14,0,14,0,14,0,14,0,14,-1,0,13,0,13,0,-1,0,-1,8,9,10,11,12,11,10,9,8,0,0,7.0,2.0,7.0,1.0
1,0,3,4,5,4,3,2,1,-1,0,-1,0,2,0,6,6,0,-1,7,0,7,0,7,-1,0,7,0,7,0,-1,0,-1,14,0,14,0,14,0,14,0,14,-1,0,13,0,13,0,-1,0,-1,8,9,10,11,12,11,10,9,8,0,0,1,2,5,2.0,-990.0,4.74,0.0
1,0,3,0,5,4,3,0,-1,0,4,0,1,-1,0,2,0,6,6,2,0,-1,0,7,0,-1,7,0,7,0,7,0,7,-1,0,-1,14,0,14,0,14,0,14,0,14,-1,0,13,0,13,0,-1,0,-1,8,9,10,11,12,11,10,9,8,0,0,7.0,2.0,2.0,2.0
1,0,3,4,5,4,3,0,1,-1,0,-1,0,2,0,6,6,2,0,-1,7,0,7,0,7,-1,0,7,0,7,0,-1,0,-1,14,0,14,0,14,0,14,0,14,-1,0,13,0,13,0,-1,0,-1,8,9,10,11,12,11,10,9,8,0,0,1,2,1.0,3.0,-1196.0,2.6
1,2,3,4,5,4,3,2,1,-1,0,-1,0,6,6,0,-1,7,0,7,0,7,0,7,0,7,-1,0,-1,0,-1,14,0,14,0,14,0,14,0,14,-1,0,13,0,13,0,-1,0,-1,8,9,10,11,12,11,10,9,8,0,0,1,0,2,2,-143,39.33,0.0,0.0,0.0
0,5,4,0,-1,1,0,4,0,1,-1,3,0,2,0,6,6,2,0,3,-1,0,-1,7,0,7,0,7,0,7,0,7,-1,0,-1,14,0,14,0,14,0,14,0,14,-1,0,13,0,13,0,-1,0,-1,8,9,10,11,12,11,10,9,8,0,0,1,2.0,1.0,9.0,0.0
1,0,3,0,5,4,3,0,1,-1,0,4,0,-1,0,2,0,6,6,2,0,-1,7,0,7,0,7,0,7,0,7,-1,0,-1,0,-1,14,0,14,0,14,0,14,0,14,-1,0,13,0,13,0,-1,0,-1,8,9,10,11,12,11,10,9,8,0,0,1.0,2.0,4.0,2.0
1,0,3,4,5,4,3,2,1,-1,0,-1,0,2,0,6,6,0,-1,7,0,7,0,7,0,7,-1,0,7,0,-1,0,-1,14,0,14,0,14,0,14,0,14,-1,0,13,0,13,0,-1,0,-1,8,9,10,11,12,11,10,9,8,0,0,5,0,4,1.0,-401.0,22.88,0.0
1,2,3,4,5,0,3,0,1,-1,0,4,0,-1,0,6,6,2,0,-1,7,0,7,0,7,-1,0,7,0,7,0,-1,0,-1,14,0,14,0,14,0,14,0,14,-1,0,13,0,13,0,-1,0,-1,8,9,10,11,12,11,10,9,8,0,0,3,0,4.0,1.0,-540.0,16.3
0,3,0,5,4,3,0,1,-1,1,0,4,0,-1,0,2,0,6,6,2,0,-1,7,0,7,0,7,0,7,-1,0,7,0,-1,0,-1,14,0,14,0,14,0,14,0,14,-1,0,13,0,13,0,-1,0,-1,8,9,10,11,12,11,10,9,8,0,0,1.0,2.0,0.0,2.0
1,0,3,4,5,4,3,2,1,-1,0,-1,0,2,0,6,6,0,-1,7,0,7,0,7,-1,0,7,0,7,0,-1,0,-1,14,0,14,0,14,0,14,0,14,-1,0,13,0,13,0,-1,0,-1,8,9,10,11,12,11,10,9,8,0,0,7,2,7,6.0,-841.0,7.25,0.0
1,2,3,4,5,4,3,2,1,-1,0,-1,0,6,0,6,0,-1,7,0,7,0,7,0,7,0,7,-1,0,-1,0,-1,14,0,14,0,14,0,14,0,14,-1,0,13,0,13,0,-1,0,-1,8,9,10,11,12,11,10,9,8,0,0,3,0,4,1,-71.0,44.64,0.0,0.0
1,2,3,4,5,4,3,2,1,-1,0,-1,0,6,0,6,0,-1,7,0,7,0,7,0,7,0,7,-1,0,-1,0,-1,14,0,14,0,14,0,14,0,14,-1,0,13,0,13,0,-1,0,-1,8,9,10,11,12,11,10,9,8,0,0,8,3,8,4,0.0,50.0,0.0,0.0
1,2,3,4,5,4,3,0,1,-1,0,-1,0,6,6,2,0,-1,7,0,7,0,7,-1,0,7,0,7,0,-1,0,-1,14,0,14,0,14,0,14,0,14,-1,0,13,0,13,0,-1,0,-1,8,9,10,11,12,11,10,9,8,0,0,1,2,1,8,-1021.0,4.34,0.0,0.0
1,0,3,0,5,4,3,0,1,-1,0,4,0,-1,0,2,0,6,6,2,0,-1,0,7,0,-1,7,0,7,0,7,0,7,-1,0,-1,14,0,14,0,14,0,14,0,14,-1,0,13,0,13,0,-1,0,-1,8,9,10,11,12,11,10,9,8,0,0,7.0,2.0,7.0,1.0
1,0,3,0,5,4,3,0,1,-1,0,4,0,-1,0,2,0,6,6,2,0,-1,7,0,7,0,7,-1,0,7,0,7,0,-1,0,-1,14,0,14,0,14,0,14,0,14,-1,0,13,0,13,0,-1,0,-1,8,9,10,11,12,11,10,9,8,0,0,2.0,3.0,2.0,4.0
1,0,3,4,5,4,3,2,1,-1,0,-1,0,2,0,6,6,0,-1,7,0,7,0,7,0,7,-1,0,7,0,-1,0,-1,14,0,14,0,14,0,14,0,14,-1,0,13,0,13,0,-1,0,-1,8,9,10,11,12,11,10,9,8,0,0,2,0,4,2.0,0.0,50.0,0.0
0,3,0,5,4,3,0,-1,0,4,0,1,-1,1,0,2,0,6,6,2,0,-1,0,7,0,-1,7,0,7,0,7,0,7,-1,0,-1,14,0,14,0,14,0,14,0,14,-1,0,13,0,13,0,-1,0,-1,8,9,10,11,12,11,10,9,8,0,0,1.0,2.0,1.0,1.0
1,0,3,4,5,4,3,0,1,-1,0,-1,0,2,0,6,6,2,0,-1,7,0,7,0,7,-1,0,7,0,7,0,-1,0,-1,14,0,14,0,14,0,14,0,14,-1,0,13,0,13,0,-1,0,-1,8,9,10,11,12,11,10,9,8,0,0,4,0,4.0,1.0,-1300.0,1.91
